{
  "config": {
    "data_root": "~/datasets/knee-kl/KneeXrayData/ClsKLData/kneeKL224",
    "img_size": 224,
    "center_crop_ratio": 0.8,
    "num_classes": 5,
    "n_folds": 5,
    "patient_aware_split": true,
    "backbone": "convnext_tiny",
    "attention": "triplet",
    "loss_type": "mse",
    "use_imbalance": false,
    "use_contrastive": false,
    "lr_backbone": 0.0001,
    "lr_head": 0.001,
    "cdw_power": 3.0,
    "contrastive_lambda": 0.5,
    "contrastive_temp": 0.1,
    "contrastive_beta": 1.0,
    "proj_dim": 128,
    "batch_size": 128,
    "epochs": 50,
    "early_stop_patience": 10,
    "seed": 42,
    "monitor_metric": "qwk",
    "num_workers": 8,
    "output_dir": "outputs"
  },
  "result": {
    "val": {
      "qwk": {
        "mean": 0.7422352370910975,
        "std": 0.03470734552311538
      },
      "acc": {
        "mean": 0.5887438683353963,
        "std": 0.05217942054241285
      },
      "mae": {
        "mean": 0.5480112776784486,
        "std": 0.07232736523793866
      },
      "macro_f1": {
        "mean": 0.5217758148676075,
        "std": 0.0666769548825003
      },
      "ece": {
        "mean": 0.10448154573140549,
        "std": 0.022882203740614882
      },
      "f1_per_class": {
        "mean": [
          0.7242840956375105,
          0.062385321100917435,
          0.335840099032719,
          0.7035944037142972,
          0.7827751548525934
        ],
        "std": [
          0.025047479510006156,
          0.12477064220183487,
          0.2784249144371717,
          0.06941415023610908,
          0.07035012845051034
        ]
      },
      "confusion": [
        [
          491.0,
          20.8,
          8.6,
          2.2,
          0.2
        ],
        [
          195.0,
          20.4,
          16.2,
          8.0,
          0.2
        ],
        [
          144.2,
          38.2,
          96.2,
          67.0,
          0.0
        ],
        [
          5.4,
          3.4,
          15.0,
          136.2,
          12.6
        ],
        [
          0.0,
          0.0,
          0.2,
          6.0,
          33.8
        ]
      ]
    },
    "test": {
      "qwk": {
        "mean": 0.7332439306502025,
        "std": 0.0
      },
      "acc": {
        "mean": 0.6183574879227053,
        "std": 0.0
      },
      "mae": {
        "mean": 0.5434782608695652,
        "std": 0.0
      },
      "macro_f1": {
        "mean": 0.5654027391207992,
        "std": 0.0
      },
      "ece": {
        "mean": 0.05513049879871702,
        "std": 0.0
      },
      "f1_per_class": {
        "mean": [
          0.7083798882681565,
          0.0,
          0.47468354430379744,
          0.8008130081300813,
          0.8431372549019608
        ],
        "std": [
          0.0,
          0.0,
          0.0,
          0.0,
          0.0
        ]
      },
      "confusion": [
        [
          634.0,
          0.0,
          5.0,
          0.0,
          0.0
        ],
        [
          269.0,
          0.0,
          20.0,
          7.0,
          0.0
        ],
        [
          240.0,
          0.0,
          150.0,
          57.0,
          0.0
        ],
        [
          8.0,
          0.0,
          10.0,
          197.0,
          8.0
        ],
        [
          0.0,
          0.0,
          0.0,
          8.0,
          43.0
        ]
      ]
    },
    "val_raw": [
      {
        "qwk": 0.7782810922289483,
        "acc": 0.5279878971255674,
        "mae": 0.5340393343419062,
        "f1_per_class": [
          0.7567567567567568,
          0.3119266055045872,
          0.0,
          0.6063829787234043,
          0.6538461538461539
        ],
        "macro_f1": 0.46578249896618046,
        "confusion": [
          [
            448,
            104,
            0,
            3,
            0
          ],
          [
            130,
            102,
            0,
            8,
            0
          ],
          [
            51,
            191,
            0,
            84,
            0
          ],
          [
            0,
            17,
            0,
            114,
            34
          ],
          [
            0,
            0,
            0,
            2,
            34
          ]
        ],
        "ece": 0.09773047436338689,
        "seed": 42,
        "fold": 0
      },
      {
        "qwk": 0.7373441861815013,
        "acc": 0.6172465960665658,
        "mae": 0.5287443267776096,
        "f1_per_class": [
          0.7027797576621525,
          0.0,
          0.5698924731182796,
          0.782051282051282,
          0.8235294117647058
        ],
        "macro_f1": 0.5756505849192839,
        "confusion": [
          [
            493,
            0,
            15,
            0,
            1
          ],
          [
            238,
            0,
            28,
            2,
            1
          ],
          [
            155,
            0,
            159,
            16,
            0
          ],
          [
            8,
            0,
            26,
            122,
            10
          ],
          [
            0,
            0,
            0,
            6,
            42
          ]
        ],
        "ece": 0.13790184247015824,
        "seed": 42,
        "fold": 1
      },
      {
        "qwk": 0.7640766417186541,
        "acc": 0.6537878787878788,
        "mae": 0.4712121212121212,
        "f1_per_class": [
          0.7398072646404744,
          0.0,
          0.6304347826086957,
          0.7747747747747747,
          0.810126582278481
        ],
        "macro_f1": 0.5910286808604852,
        "confusion": [
          [
            499,
            0,
            18,
            1,
            0
          ],
          [
            196,
            0,
            36,
            3,
            0
          ],
          [
            131,
            0,
            203,
            15,
            0
          ],
          [
            5,
            0,
            37,
            129,
            8
          ],
          [
            0,
            0,
            1,
            6,
            32
          ]
        ],
        "ece": 0.10648436060909071,
        "seed": 42,
        "fold": 2
      },
      {
        "qwk": 0.6781976395789987,
        "acc": 0.5257575757575758,
        "mae": 0.6856060606060606,
        "f1_per_class": [
          0.6883656509695291,
          0.0,
          0.0,
          0.6454033771106942,
          0.7692307692307693
        ],
        "macro_f1": 0.42059995946219847,
        "confusion": [
          [
            497,
            0,
            0,
            6,
            0
          ],
          [
            199,
            0,
            0,
            15,
            0
          ],
          [
            238,
            0,
            0,
            146,
            0
          ],
          [
            7,
            0,
            0,
            172,
            5
          ],
          [
            0,
            0,
            0,
            10,
            25
          ]
        ],
        "ece": 0.11295373496232612,
        "seed": 42,
        "fold": 3
      },
      {
        "qwk": 0.7532766257473849,
        "acc": 0.6189393939393939,
        "mae": 0.5204545454545455,
        "f1_per_class": [
          0.7337110481586402,
          0.0,
          0.4788732394366197,
          0.7093596059113301,
          0.8571428571428571
        ],
        "macro_f1": 0.5558173501298894,