{
  "config": {
    "data_root": "~/datasets/knee-kl/KneeXrayData/ClsKLData/kneeKL224",
    "img_size": 224,
    "center_crop_ratio": 0.8,
    "num_classes": 5,
    "n_folds": 5,
    "patient_aware_split": true,
    "backbone": "convnext_tiny",
    "attention": "triplet",
    "loss_type": "cdw_ce",
    "use_imbalance": true,
    "use_oversampling": false,
    "use_class_weight": true,
    "use_contrastive": true,
    "lr_backbone": 0.0001,
    "lr_head": 0.001,
    "cdw_power": 3.0,
    "contrastive_lambda": 0.3,
    "contrastive_temp": 0.1,
    "contrastive_beta": 1.0,
    "proj_dim": 128,
    "batch_size": 128,
    "epochs": 50,
    "early_stop_patience": 10,
    "seed": 42,
    "monitor_metric": "qwk",
    "num_workers": 8,
    "output_dir": "outputs",
    "save_checkpoints": false
  },
  "result": {
    "val": {
      "qwk": {
        "mean": 0.8161766488287926,
        "std": 0.007910831714627586
      },
      "acc": {
        "mean": 0.6072053362673635,
        "std": 0.019791153890252162
      },
      "mae": {
        "mean": 0.42444115894191536,
        "std": 0.012940185184395782
      },
      "macro_f1": {
        "mean": 0.6194957128524743,
        "std": 0.06539883646911382
      },
      "ece": {
        "mean": 0.17098159857790743,
        "std": 0.005976402814148863
      },
      "f1_per_class": {
        "mean": [
          0.7208867579845855,
          0.3895434613041818,
          0.5380476495881261,
          0.771866057665474,
          0.6771346377200035
        ],
        "std": [
          0.03498621601236952,
          0.016989431140237373,
          0.030747687081817812,
          0.01853997537031237,
          0.33973264692042626
        ]
      },
      "confusion": [
        [
          355.2,
          156.6,
          10.4,
          0.6,
          0.0
        ],
        [
          80.8,
          132.0,
          24.4,
          2.6,
          0.0
        ],
        [
          22.6,
          144.0,
          150.4,
          28.6,
          0.0
        ],
        [
          0.2,
          4.6,
          25.8,
          135.6,
          6.4
        ],
        [
          0.0,
          0.0,
          0.0,
          11.2,
          28.8
        ]
      ]
    },
    "test": {
      "qwk": {
        "mean": 0.8424437230384595,
        "std": 0.0
      },
      "acc": {
        "mean": 0.644927536231884,
        "std": 0.0
      },
      "mae": {
        "mean": 0.37983091787439616,
        "std": 0.0
      },
      "macro_f1": {
        "mean": 0.6877826624831979,
        "std": 0.0
      },
      "ece": {
        "mean": 0.09243627457659027,
        "std": 0.0
      },
      "f1_per_class": {
        "mean": [
          0.7554833468724614,
          0.3891625615763547,
          0.5879120879120879,
          0.8545034642032333,
          0.8518518518518519
        ],
        "std": [
          0.0,
          0.0,
          0.0,
          0.0,
          0.0
        ]
      },
      "confusion": [
        [
          465.0,
          165.0,
          9.0,
          0.0,
          0.0
        ],
        [
          101.0,
          158.0,
          36.0,
          1.0,
          0.0
        ],
        [
          25.0,
          189.0,
          214.0,
          19.0,
          0.0
        ],
        [
          1.0,
          4.0,
          22.0,
          185.0,
          11.0
        ],
        [
          0.0,
          0.0,
          0.0,
          5.0,
          46.0
        ]
      ]
    },
    "val_raw": [
      {
        "qwk": 0.8078586162486228,
        "acc": 0.6089258698940998,
        "mae": 0.4205748865355522,
        "f1_per_class": [
          0.7471264367816092,
          0.4231311706629055,
          0.5081967213114754,
          0.7683923705722071,
          0.0
        ],
        "macro_f1": 0.4893693398656394,
        "confusion": [
          [
            390,
            159,
            6,
            0,
            0
          ],
          [
            74,
            150,
            14,
            2,
            0
          ],
          [
            25,
            154,
            124,
            23,
            0
          ],
          [
            0,
            6,
            18,
            141,
            0
          ],
          [
            0,
            0,
            0,
            36,
            0
          ]
        ],
        "ece": 0.1645775854407208,
        "seed": 42,
        "fold": 0
      },
      {
        "qwk": 0.8257952837025989,
        "acc": 0.613464447806354,
        "mae": 0.4236006051437216,
        "f1_per_class": [
          0.7450236966824645,
          0.37636080870917576,
          0.49603174603174605,
          0.7537091988130564,
          0.8571428571428571
        ],
        "macro_f1": 0.64565366147586,
        "confusion": [
          [
            393,
            108,
            7,
            1,
            0
          ],
          [
            123,
            121,
            21,
            4,
            0
          ],
          [
            30,
            139,
            125,
            36,
            0
          ],
          [
            0,
            6,
            21,
            127,
            12
          ],
          [
            0,
            0,
            0,
            3,
            45
          ]
        ],
        "ece": 0.1719880276747082,
        "seed": 42,
        "fold": 1
      },
      {
        "qwk": 0.8174421941875991,
        "acc": 0.6303030303030303,
        "mae": 0.4128787878787879,
        "f1_per_class": [
          0.7418397626112759,
          0.38283828382838286,
          0.563573883161512,
          0.8044077134986226,
          0.7948717948717948
        ],
        "macro_f1": 0.6575062875943176,
        "confusion": [
          [
            375,
            125,
            16,
            2,
            0
          ],
          [
            86,
            116,
            31,
            2,
            0
          ],
          [
            31,
            128,
            164,
            26,
            0
          ],
          [
            1,
            2,
            22,
            146,
            8
          ],
          [
            0,
            0,
            0,
            8,
            31
          ]
        ],
        "ece": 0.16453808728944175,
        "seed": 42,
        "fold": 2
      },
      {
        "qwk": 0.8063406711885688,
        "acc": 0.5704545454545454,
        "mae": 0.4492424242424242,
        "f1_per_class": [
          0.6546762589928058,
          0.3815789473684211,
          0.5480769230769231,
          0.7550432276657061,
          0.88
        ],
        "macro_f1": 0.6438750714207713,
        "confusion": [
          [
            273,
            221,
            9,
            0,
            0
          ],
          [
            48,
            145,
            19,
            2,
            0
          ],
          [
            10,
            175,
            171,
            28,
            0
          ],
          [
            0,
            5,
            41,
            131,
            7
          ],
          [
            0,
            0,
            0,
            2,
            33
          ]
        ],
        "ece": 0.1733709947177858,
        "seed": 42,
        "fold": 3
      },
      {
        "qwk": 0.8234464788165735,
        "acc": 0.6128787878787879,
        "mae": 0.4159090909090909,
        "f1_per_class": [
          0.7157676348547718,
          0.383808095952024,
          0.5743589743589743,
          0.7777777777777778,
          0.8536585365853658
        ],
        "macro_f1": 0.6610742039057828,