{
  "config": {
    "data_root": "~/datasets/knee-kl/KneeXrayData/ClsKLData/kneeKL224",
    "img_size": 224,
    "center_crop_ratio": 0.8,
    "num_classes": 5,
    "n_folds": 5,
    "patient_aware_split": true,
    "backbone": "convnext_tiny",
    "attention": "triplet",
    "loss_type": "cdw_ce",
    "use_imbalance": true,
    "use_oversampling": false,
    "use_class_weight": true,
    "use_contrastive": true,
    "lr_backbone": 0.0001,
    "lr_head": 0.001,
    "cdw_power": 3.0,
    "contrastive_lambda": 0.5,
    "contrastive_temp": 0.1,
    "contrastive_beta": 1.0,
    "proj_dim": 128,
    "batch_size": 128,
    "epochs": 50,
    "early_stop_patience": 10,
    "seed": 42,
    "monitor_metric": "qwk",
    "num_workers": 8,
    "output_dir": "outputs",
    "save_checkpoints": false
  },
  "result": {
    "val": {
      "qwk": {
        "mean": 0.8206559048386289,
        "std": 0.006175063451049916
      },
      "acc": {
        "mean": 0.6165962957869161,
        "std": 0.010346817107637601
      },
      "mae": {
        "mean": 0.4183835327556961,
        "std": 0.00889642690537947
      },
      "macro_f1": {
        "mean": 0.6522777009557201,
        "std": 0.014306377210090326
      },
      "ece": {
        "mean": 0.1484963410508817,
        "std": 0.008843305175148575
      },
      "f1_per_class": {
        "mean": [
          0.7296576160185853,
          0.3934221839459535,
          0.531257376704947,
          0.7829614322550068,
          0.8240898958541083
        ],
        "std": [
          0.03495808131075766,
          0.01448517564193957,
          0.06012506370928006,
          0.01660860394579826,
          0.03783278532224444
        ]
      },
      "confusion": [
        [
          366.6,
          146.2,
          9.4,
          0.6,
          0.0
        ],
        [
          84.0,
          130.6,
          22.6,
          2.6,
          0.0
        ],
        [
          27.6,
          141.0,
          145.6,
          31.4,
          0.0
        ],
        [
          0.2,
          5.0,
          20.8,
          137.0,
          9.6
        ],
        [
          0.0,
          0.0,
          0.0,
          5.4,
          34.6
        ]
      ]
    },
    "test": {
      "qwk": {
        "mean": 0.8425924990414951,
        "std": 0.0
      },
      "acc": {
        "mean": 0.6382850241545893,
        "std": 0.0
      },
      "mae": {
        "mean": 0.38466183574879226,
        "std": 0.0
      },
      "macro_f1": {
        "mean": 0.6821369371812491,
        "std": 0.0
      },
      "ece": {
        "mean": 0.09232646943146482,
        "std": 0.0
      },
      "f1_per_class": {
        "mean": [
          0.7548701298701299,
          0.3907766990291262,
          0.5608011444921316,
          0.8388520971302428,
          0.8653846153846154
        ],
        "std": [
          0.0,
          0.0,
          0.0,
          0.0,
          0.0
        ]
      },
      "confusion": [
        [
          465.0,
          167.0,
          7.0,
          0.0,
          0.0
        ],
        [
          104.0,
          161.0,
          28.0,
          3.0,
          0.0
        ],
        [
          23.0,
          197.0,
          196.0,
          31.0,
          0.0
        ],
        [
          1.0,
          3.0,
          21.0,
          190.0,
          8.0
        ],
        [
          0.0,
          0.0,
          0.0,
          6.0,
          45.0
        ]
      ]
    },
    "val_raw": [
      {
        "qwk": 0.8223693748920281,
        "acc": 0.6293494704992436,
        "mae": 0.4130105900151286,
        "f1_per_class": [
          0.7913419913419913,
          0.3904,
          0.4226579520697168,
          0.7717041800643086,
          0.7659574468085106
        ],
        "macro_f1": 0.6284123140569055,
        "confusion": [
          [
            457,
            92,
            6,
            0,
            0
          ],
          [
            102,
            122,
            15,
            1,
            0
          ],
          [
            41,
            163,
            97,
            25,
            0
          ],
          [
            0,
            8,
            15,
            120,
            22
          ],
          [
            0,
            0,
            0,
            0,
            36
          ]
        ],
        "ece": 0.13850658545876415,
        "seed": 42,
        "fold": 0
      },
      {
        "qwk": 0.8249844556898975,
        "acc": 0.602874432677761,
        "mae": 0.42133131618759456,
        "f1_per_class": [
          0.6860215053763441,
          0.4156545209176788,
          0.5760869565217391,
          0.7735849056603774,
          0.8155339805825242
        ],
        "macro_f1": 0.6533763738117327,
        "confusion": [
          [
            319,
            182,
            7,
            1,
            0
          ],
          [
            84,
            154,
            30,
            1,
            0
          ],
          [
            18,
            132,
            159,
            21,
            0
          ],
          [
            0,
            4,
            26,
            123,
            13
          ],
          [
            0,
            0,
            0,
            6,
            42
          ]
        ],
        "ece": 0.1397172559092157,
        "seed": 42,
        "fold": 1
      },
      {
        "qwk": 0.8161797041284807,
        "acc": 0.6242424242424243,
        "mae": 0.4174242424242424,
        "f1_per_class": [
          0.7303149606299213,
          0.3852327447833066,
          0.5434782608695652,
          0.8157894736842105,
          0.8115942028985508
        ],
        "macro_f1": 0.6572819285731109,
        "confusion": [
          [
            371,
            133,
            13,
            1,
            0
          ],
          [
            92,
            120,
            20,
            3,
            0
          ],
          [
            34,
            134,
            150,
            31,
            0
          ],
          [
            1,
            1,
            20,
            155,
            2
          ],
          [
            0,
            0,
            0,
            11,
            28
          ]
        ],
        "ece": 0.153052553805438,
        "seed": 42,
        "fold": 2
      },
      {
        "qwk": 0.8112787396314647,
        "acc": 0.6060606060606061,
        "mae": 0.43333333333333335,
        "f1_per_class": [
          0.7309322033898306,
          0.3734567901234568,
          0.5196581196581197,
          0.7743589743589744,
          0.8493150684931506
        ],
        "macro_f1": 0.6495442312047064,
        "confusion": [
          [
            345,
            145,
            12,
            1,
            0
          ],
          [
            70,
            121,
            18,
            5,
            0
          ],
          [
            26,
            161,
            152,
            45,
            0
          ],
          [
            0,
            7,
            19,
            151,
            7
          ],
          [
            0,
            0,
            0,
            4,
            31
          ]
        ],
        "ece": 0.16239950017947138,
        "seed": 42,
        "fold": 3
      },
      {
        "qwk": 0.8284672498512734,
        "acc": 0.6204545454545455,
        "mae": 0.4068181818181818,
        "f1_per_class": [
          0.7096774193548387,
          0.40236686390532544,
          0.5944055944055944,
          0.7793696275071633,
          0.8780487804878049
        ],
        "macro_f1": 0.6727736571321453,