{
  "config": {
    "data_root": "~/datasets/knee-kl/KneeXrayData/ClsKLData/kneeKL224",
    "img_size": 224,
    "center_crop_ratio": 0.8,
    "num_classes": 5,
    "n_folds": 5,
    "patient_aware_split": true,
    "backbone": "convnext_tiny",
    "attention": "triplet",
    "loss_type": "cdw_ce",
    "use_imbalance": true,
    "use_oversampling": false,
    "use_class_weight": true,
    "use_contrastive": true,
    "lr_backbone": 0.0001,
    "lr_head": 0.001,
    "cdw_power": 3.0,
    "contrastive_lambda": 1.0,
    "contrastive_temp": 0.1,
    "contrastive_beta": 1.0,
    "proj_dim": 128,
    "batch_size": 128,
    "epochs": 50,
    "early_stop_patience": 10,
    "seed": 42,
    "monitor_metric": "qwk",
    "num_workers": 8,
    "output_dir": "outputs",
    "save_checkpoints": false
  },
  "result": {
    "val": {
      "qwk": {
        "mean": 0.8189579326766703,
        "std": 0.004100634681682359
      },
      "acc": {
        "mean": 0.6029707055425664,
        "std": 0.010693158877643466
      },
      "mae": {
        "mean": 0.4245910695456837,
        "std": 0.00832880442308654
      },
      "macro_f1": {
        "mean": 0.6506731548707019,
        "std": 0.016058205213069894
      },
      "ece": {
        "mean": 0.14596403230747282,
        "std": 0.010913142967936787
      },
      "f1_per_class": {
        "mean": [
          0.7060061983667145,
          0.39331136828782265,
          0.5496187746133276,
          0.7737736441485661,
          0.8306557889370785
        ],
        "std": [
          0.0197863769279308,
          0.024112915047689108,
          0.021874977990670376,
          0.020740624583764272,
          0.04964736019507336
        ]
      },
      "confusion": [
        [
          335.0,
          175.6,
          11.6,
          0.6,
          0.0
        ],
        [
          72.8,
          139.0,
          26.0,
          2.0,
          0.0
        ],
        [
          17.0,
          144.6,
          156.2,
          27.8,
          0.0
        ],
        [
          0.0,
          4.6,
          27.8,
          131.4,
          8.8
        ],
        [
          0.0,
          0.0,
          0.0,
          5.2,
          34.8
        ]
      ]
    },
    "test": {
      "qwk": {
        "mean": 0.8440538116591928,
        "std": 0.0
      },
      "acc": {
        "mean": 0.6340579710144928,
        "std": 0.0
      },
      "mae": {
        "mean": 0.3834541062801932,
        "std": 0.0
      },
      "macro_f1": {
        "mean": 0.6881407085163582,
        "std": 0.0
      },
      "ece": {
        "mean": 0.09501974394427981,
        "std": 0.0
      },
      "f1_per_class": {
        "mean": [
          0.735494880546075,
          0.40454545454545454,
          0.5794655414908579,
          0.8532731376975169,
          0.8679245283018868
        ],
        "std": [
          0.0,
          0.0,
          0.0,
          0.0,
          0.0
        ]
      },
      "confusion": [
        [
          431.0,
          203.0,
          5.0,
          0.0,
          0.0
        ],
        [
          84.0,
          178.0,
          33.0,
          1.0,
          0.0
        ],
        [
          18.0,
          198.0,
          206.0,
          25.0,
          0.0
        ],
        [
          0.0,
          5.0,
          20.0,
          189.0,
          9.0
        ],
        [
          0.0,
          0.0,
          0.0,
          5.0,
          46.0
        ]
      ]
    },
    "val_raw": [
      {
        "qwk": 0.8146331491292788,
        "acc": 0.5907715582450832,
        "mae": 0.4341906202723147,
        "f1_per_class": [
          0.7112887112887113,
          0.39290586630286495,
          0.5106382978723404,
          0.755700325732899,
          0.7674418604651163
        ],
        "macro_f1": 0.6275950123323863,
        "confusion": [
          [
            356,
            190,
            8,
            1,
            0
          ],
          [
            72,
            144,
            24,
            0,
            0
          ],
          [
            18,
            154,
            132,
            22,
            0
          ],
          [
            0,
            5,
            27,
            116,
            17
          ],
          [
            0,
            0,
            0,
            3,
            33
          ]
        ],
        "ece": 0.14144012640806622,
        "seed": 42,
        "fold": 0
      },
      {
        "qwk": 0.8219246905750265,
        "acc": 0.6059001512859304,
        "mae": 0.4152798789712557,
        "f1_per_class": [
          0.6829810901001112,
          0.4393939393939394,
          0.5657657657657658,
          0.7920792079207921,
          0.9052631578947369
        ],
        "macro_f1": 0.6770966322150691,
        "confusion": [
          [
            307,
            195,
            6,
            1,
            0
          ],
          [
            69,
            174,
            25,
            1,
            0
          ],
          [
            14,
            149,
            157,
            10,
            0
          ],
          [
            0,
            5,
            37,
            120,
            4
          ],
          [
            0,
            0,
            0,
            5,
            43
          ]
        ],
        "ece": 0.14941973756553548,
        "seed": 42,
        "fold": 1
      },
      {
        "qwk": 0.8209620800849015,
        "acc": 0.6090909090909091,
        "mae": 0.4212121212121212,
        "f1_per_class": [
          0.7106382978723405,
          0.3770739064856712,
          0.5651438240270727,
          0.8010899182561307,
          0.7848101265822784
        ],
        "macro_f1": 0.6477512146446986,
        "confusion": [
          [
            334,
            163,
            20,
            1,
            0
          ],
          [
            74,
            125,
            34,
            2,
            0
          ],
          [
            14,
            138,
            167,
            30,
            0
          ],
          [
            0,
            2,
            21,
            147,
            9
          ],
          [
            0,
            0,
            0,
            8,
            31
          ]
        ],
        "ece": 0.13520652830149185,
        "seed": 42,
        "fold": 2
      },
      {
        "qwk": 0.8135189517768776,
        "acc": 0.5909090909090909,
        "mae": 0.4348484848484849,
        "f1_per_class": [
          0.6871444823663254,
          0.38516405135520687,
          0.5664,
          0.7465181058495822,
          0.8421052631578947
        ],
        "macro_f1": 0.6454663805458019,
        "confusion": [
          [
            302,
            192,
            9,
            0,
            0
          ],
          [
            57,
            135,
            19,
            3,
            0
          ],
          [
            17,
            155,
            177,
            35,
            0
          ],
          [
            0,
            5,
            36,
            134,
            9
          ],
          [
            0,
            0,
            0,
            3,
            32
          ]
        ],
        "ece": 0.13813955799648256,
        "seed": 42,
        "fold": 3
      },
      {
        "qwk": 0.8237507918172673,
        "acc": 0.6181818181818182,
        "mae": 0.4174242424242424,
        "f1_per_class": [
          0.7379784102060843,
          0.37201907790143085,
          0.5401459854014599,
          0.7734806629834254,
          0.8536585365853658
        ],
        "macro_f1": 0.6554565346155533,