{
  "config": {
    "data_root": "~/datasets/knee-kl/KneeXrayData/ClsKLData/kneeKL224",
    "img_size": 224,
    "center_crop_ratio": 0.8,
    "num_classes": 5,
    "n_folds": 5,
    "patient_aware_split": true,
    "backbone": "convnext_tiny",
    "attention": "triplet",
    "loss_type": "cdw_ce",
    "use_imbalance": true,
    "use_oversampling": false,
    "use_class_weight": true,
    "use_contrastive": false,
    "lr_backbone": 0.0001,
    "lr_head": 0.001,
    "cdw_power": 3.0,
    "contrastive_lambda": 0.5,
    "contrastive_temp": 0.1,
    "contrastive_beta": 1.0,
    "proj_dim": 128,
    "batch_size": 128,
    "epochs": 50,
    "early_stop_patience": 10,
    "seed": 2,
    "monitor_metric": "qwk",
    "num_workers": 8,
    "output_dir": "outputs"
  },
  "result": {
    "val": {
      "qwk": {
        "mean": 0.7356322759484237,
        "std": 0.24559959361177022
      },
      "acc": {
        "mean": 0.5812206023930684,
        "std": 0.1111355721219443
      },
      "mae": {
        "mean": 0.4979231421629303,
        "std": 0.23470455225738393
      },
      "macro_f1": {
        "mean": 0.5959863434624979,
        "std": 0.1731499989205648
      },
      "ece": {
        "mean": 0.1775356730841668,
        "std": 0.05016273911756553
      },
      "f1_per_class": {
        "mean": [
          0.6532551560220601,
          0.3481567606432708,
          0.5458007492324736,
          0.6910304310642796,
          0.7416886203504052
        ],
        "std": [
          0.21862164502983597,
          0.12011096745157449,
          0.07669815654947547,
          0.23437633875115005,
          0.251344649779205
        ]
      },
      "confusion": [
        [
          323.5,
          129.9,
          69.2,
          0.2,
          0.0
        ],
        [
          75.4,
          112.0,
          50.3,
          2.1,
          0.0
        ],
        [
          24.6,
          116.4,
          183.2,
          21.4,
          0.0
        ],
        [
          0.2,
          4.1,
          42.0,
          116.8,
          9.5
        ],
        [
          0.0,
          0.0,
          3.7,
          4.1,
          32.2
        ]
      ]
    },
    "test": {
      "qwk": {
        "mean": 0.8425887300121018,
        "std": 0.0011596763866825732
      },
      "acc": {
        "mean": 0.6407004830917874,
        "std": 0.0012077294685990392
      },
      "mae": {
        "mean": 0.3816425120772947,
        "std": 0.00362318840579709
      },
      "macro_f1": {
        "mean": 0.6863855579577034,
        "std": 0.002531667963157125
      },
      "ece": {
        "mean": 0.0758294316575579,
        "std": 0.019065011553646267
      },
      "f1_per_class": {
        "mean": [
          0.7424763853367433,
          0.3799829499611807,
          0.608870753785909,
          0.8439228440298268,
          0.8566748566748568
        ],
        "std": [
          0.01272361466325661,
          0.005293123658451193,
          0.027957890715369638,
          0.0003209482952296061,
          0.008190008190008202
        ]
      },
      "confusion": [
        [
          450.0,
          181.0,
          8.0,
          0.0,
          0.0
        ],
        [
          99.5,
          154.0,
          42.0,
          0.5,
          0.0
        ],
        [
          23.0,
          174.0,
          229.5,
          20.5,
          0.0
        ],
        [
          0.0,
          5.5,
          26.0,
          182.5,
          9.0
        ],
        [
          0.0,
          0.0,
          0.0,
          6.0,
          45.0
        ]
      ]
    },
    "val_raw": [
      {
        "qwk": 0.0,
        "acc": 0.25606060606060604,
        "mae": 1.1984848484848485,
        "f1_per_class": [
          0.0,
          0.0,
          0.4077201447527141,
          0.0,
          0.0
        ],
        "macro_f1": 0.08154402895054283,
        "confusion": [
          [
            0,
            0,
            564,
            0,
            0
          ],
          [
            0,
            0,
            242,
            0,
            0
          ],
          [
            0,
            0,
            338,
            0,
            0
          ],
          [
            0,
            0,
            140,
            0,
            0
          ],
          [
            0,
            0,
            36,
            0,
            0
          ]
        ],
        "ece": 0.3057514711762919,
        "seed": 1,
        "fold": 0
      },
      {
        "qwk": 0.79769344285915,
        "acc": 0.6074130105900152,
        "mae": 0.4341906202723147,
        "f1_per_class": [
          0.730732635585157,
          0.38023952095808383,
          0.5321428571428571,
          0.7785234899328859,
          0.8059701492537313
        ],
        "macro_f1": 0.645521730574543,
        "confusion": [
          [
            384,
            138,
            9,
            0,
            0
          ],
          [
            98,
            127,
            26,
            1,
            0
          ],
          [
            38,
            144,
            149,
            19,
            0
          ],
          [
            0,
            7,
            26,
            116,
            1
          ],
          [
            0,
            0,
            0,
            12,
            27
          ]
        ],
        "ece": 0.17135142058179165,
        "seed": 1,
        "fold": 1
      },
      {
        "qwk": 0.8388999739741476,
        "acc": 0.6424242424242425,
        "mae": 0.3946969696969697,
        "f1_per_class": [
          0.7375,
          0.36363636363636365,
          0.6069651741293532,
          0.8175182481751825,
          0.8297872340425532
        ],
        "macro_f1": 0.6710814039966906,
        "confusion": [
          [
            354,
            148,
            24,
            0,
            0
          ],
          [
            63,
            104,
            35,
            4,
            0
          ],
          [
            17,
            110,
            183,
            33,
            0
          ],
          [
            0,
            4,
            18,
            168,
            10
          ],
          [
            0,
            0,
            0,
            6,
            39
          ]
        ],
        "ece": 0.1820853040073857,
        "seed": 1,
        "fold": 2
      },
      {
        "qwk": 0.8223633998731551,
        "acc": 0.6111951588502269,
        "mae": 0.4167927382753404,
        "f1_per_class": [
          0.7010309278350515,
          0.401673640167364,
          0.5547945205479452,
          0.8274111675126904,
          0.868421052631579
        ],
        "macro_f1": 0.670666261738926,
        "confusion": [
          [
            306,
            162,
            10,
            0,
            0
          ],
          [
            73,
            144,
            36,
            2,
            0
          ],
          [
            16,
            148,
            162,
            19,
            0
          ],
          [
            0,
            8,
            30,
            163,
            5
          ],
          [
            0,
            0,
            1,
            4,
            33
          ]
        ],
        "ece": 0.15548054529029914,
        "seed": 1,
        "fold": 3
      },
      {
        "qwk": 0.8212259194395797,
        "acc": 0.6348484848484849,
        "mae": 0.40454545454545454,
        "f1_per_class": [
          0.7338877338877339,
          0.4309210526315789,
          0.6279761904761905,
          0.6887417218543046,
          0.8125
        ],
        "macro_f1": 0.6588053397699616,