{
  "config": {
    "data_root": "~/datasets/knee-kl/KneeXrayData/ClsKLData/kneeKL224",
    "img_size": 224,
    "center_crop_ratio": 0.8,
    "num_classes": 5,
    "n_folds": 5,
    "patient_aware_split": true,
    "backbone": "convnext_tiny",
    "attention": "triplet",
    "loss_type": "cdw_ce",
    "use_imbalance": true,
    "use_oversampling": false,
    "use_class_weight": true,
    "use_contrastive": true,
    "lr_backbone": 0.0001,
    "lr_head": 0.001,
    "cdw_power": 2.0,
    "contrastive_lambda": 0.5,
    "contrastive_temp": 0.1,
    "contrastive_beta": 1.0,
    "proj_dim": 128,
    "batch_size": 128,
    "epochs": 50,
    "early_stop_patience": 10,
    "seed": 42,
    "monitor_metric": "qwk",
    "num_workers": 8,
    "output_dir": "outputs",
    "save_checkpoints": false
  },
  "result": {
    "val": {
      "qwk": {
        "mean": 0.8184379285376634,
        "std": 0.004025671972533797
      },
      "acc": {
        "mean": 0.6256817035712648,
        "std": 0.013444458291890796
      },
      "mae": {
        "mean": 0.4156585522394902,
        "std": 0.00977682503762613
      },
      "macro_f1": {
        "mean": 0.6613382391159943,
        "std": 0.017792425633686947
      },
      "ece": {
        "mean": 0.14920061818828734,
        "std": 0.07263347077652778
      },
      "f1_per_class": {
        "mean": [
          0.7309429319044635,
          0.38900335714237755,
          0.569208033197754,
          0.7814617734430247,
          0.8360750998923516
        ],
        "std": [
          0.022996424857889882,
          0.02090809483445127,
          0.02392103878888486,
          0.03296631838775915,
          0.0554560152868931
        ]
      },
      "confusion": [
        [
          365.0,
          140.4,
          16.4,
          0.8,
          0.2
        ],
        [
          80.8,
          121.6,
          33.6,
          3.8,
          0.0
        ],
        [
          28.8,
          117.2,
          167.0,
          32.6,
          0.0
        ],
        [
          0.0,
          3.4,
          22.6,
          137.0,
          9.6
        ],
        [
          0.0,
          0.0,
          0.0,
          4.2,
          35.8
        ]
      ]
    },
    "test": {
      "qwk": {
        "mean": 0.8501974656785845,
        "std": 0.0
      },
      "acc": {
        "mean": 0.6557971014492754,
        "std": 0.0
      },
      "mae": {
        "mean": 0.3671497584541063,
        "std": 0.0
      },
      "macro_f1": {
        "mean": 0.6995258927261934,
        "std": 0.0
      },
      "ece": {
        "mean": 0.073194498943102,
        "std": 0.0
      },
      "f1_per_class": {
        "mean": [
          0.7624398073836276,
          0.3776041666666667,
          0.6117021276595744,
          0.8590909090909091,
          0.8867924528301887
        ],
        "std": [
          0.0,
          0.0,
          0.0,
          0.0,
          0.0
        ]
      },
      "confusion": [
        [
          475.0,
          156.0,
          8.0,
          0.0,
          0.0
        ],
        [
          106.0,
          145.0,
          44.0,
          1.0,
          0.0
        ],
        [
          26.0,
          168.0,
          230.0,
          23.0,
          0.0
        ],
        [
          0.0,
          3.0,
          23.0,
          189.0,
          8.0
        ],
        [
          0.0,
          0.0,
          0.0,
          4.0,
          47.0
        ]
      ]
    },
    "val_raw": [
      {
        "qwk": 0.8158437809251871,
        "acc": 0.6384266263237519,
        "mae": 0.40771558245083206,
        "f1_per_class": [
          0.752073732718894,
          0.39072847682119205,
          0.5471349353049908,
          0.8093841642228738,
          0.8767123287671232
        ],
        "macro_f1": 0.6752067275670148,
        "confusion": [
          [
            408,
            131,
            15,
            1,
            0
          ],
          [
            85,
            118,
            33,
            4,
            0
          ],
          [
            37,
            112,
            148,
            29,
            0
          ],
          [
            0,
            3,
            19,
            138,
            5
          ],
          [
            0,
            0,
            0,
            4,
            32
          ]
        ],
        "ece": 0.2919248460641246,
        "seed": 42,
        "fold": 0
      },
      {
        "qwk": 0.822381951373396,
        "acc": 0.6119515885022693,
        "mae": 0.41906202723146746,
        "f1_per_class": [
          0.7116564417177914,
          0.41217150760719223,
          0.5353728489483748,
          0.7975077881619937,
          0.8888888888888888
        ],
        "macro_f1": 0.6691194950648482,
        "confusion": [
          [
            348,
            154,
            6,
            1,
            0
          ],
          [
            96,
            149,
            21,
            3,
            0
          ],
          [
            25,
            146,
            140,
            19,
            0
          ],
          [
            0,
            5,
            26,
            128,
            7
          ],
          [
            0,
            0,
            0,
            4,
            44
          ]
        ],
        "ece": 0.13196151930156885,
        "seed": 42,
        "fold": 1
      },
      {
        "qwk": 0.8242115911856553,
        "acc": 0.6446969696969697,
        "mae": 0.4015151515151515,
        "f1_per_class": [
          0.7565982404692082,
          0.37857142857142856,
          0.5882352941176471,
          0.8,
          0.8
        ],
        "macro_f1": 0.6646809926316568,
        "confusion": [
          [
            387,
            110,
            20,
            1,
            0
          ],
          [
            84,
            106,
            43,
            2,
            0
          ],
          [
            34,
            106,
            180,
            29,
            0
          ],
          [
            0,
            3,
            20,
            144,
            12
          ],
          [
            0,
            0,
            0,
            5,
            34
          ]
        ],
        "ece": 0.09492857738426234,
        "seed": 42,
        "fold": 2
      },
      {
        "qwk": 0.8147389008796322,
        "acc": 0.6128787878787879,
        "mae": 0.4287878787878788,
        "f1_per_class": [
          0.7370600414078675,
          0.35500878734622143,
          0.5779816513761468,
          0.7178082191780822,
          0.7441860465116279
        ],
        "macro_f1": 0.6264089491639891,
        "confusion": [
          [
            356,
            130,
            16,
            0,
            1
          ],
          [
            77,
            101,
            32,
            4,
            0
          ],
          [
            30,
            122,
            189,
            43,
            0
          ],
          [
            0,
            2,
            33,
            131,
            18
          ],
          [
            0,
            0,
            0,
            3,
            32
          ]
        ],
        "ece": 0.12430871955373067,
        "seed": 42,
        "fold": 3
      },
      {
        "qwk": 0.8150134183244465,
        "acc": 0.6204545454545455,
        "mae": 0.4212121212121212,
        "f1_per_class": [
          0.6973262032085561,
          0.40853658536585363,
          0.5973154362416108,
          0.782608695652174,
          0.8705882352941177
        ],
        "macro_f1": 0.6712750311524623,