{
  "config": {
    "data_root": "~/datasets/knee-kl/KneeXrayData/ClsKLData/kneeKL224",
    "img_size": 224,
    "center_crop_ratio": 0.8,
    "num_classes": 5,
    "n_folds": 5,
    "patient_aware_split": true,
    "backbone": "convnext_tiny",
    "attention": "none",
    "loss_type": "cdw_ce",
    "use_imbalance": false,
    "use_oversampling": true,
    "use_class_weight": true,
    "use_contrastive": false,
    "lr_backbone": 0.0001,
    "lr_head": 0.001,
    "cdw_power": 3.0,
    "contrastive_lambda": 0.5,
    "contrastive_temp": 0.1,
    "contrastive_beta": 1.0,
    "proj_dim": 128,
    "batch_size": 128,
    "epochs": 50,
    "early_stop_patience": 10,
    "seed": 42,
    "monitor_metric": "qwk",
    "num_workers": 8,
    "output_dir": "outputs",
    "save_checkpoints": true
  },
  "result": {
    "val": {
      "qwk": {
        "mean": 0.7941189322150779,
        "std": 0.05343478645239974
      },
      "acc": {
        "mean": 0.6114305689267867,
        "std": 0.038630788213806055
      },
      "mae": {
        "mean": 0.43596593774354736,
        "std": 0.053982033633072746
      },
      "macro_f1": {
        "mean": 0.5933035704493403,
        "std": 0.13451389356507193
      },
      "ece": {
        "mean": 0.19087148558897143,
        "std": 0.07131248557389294
      },
      "f1_per_class": {
        "mean": [
          0.7393441396796876,
          0.37108502397420906,
          0.5719925271271552,
          0.6228531541660052,
          0.6612430072996448
        ],
        "std": [
          0.021363121281922283,
          0.01689060591039131,
          0.03618492155671425,
          0.3122001656879322,
          0.3349956073747046
        ]
      },
      "confusion": [
        [
          380.0,
          126.0,
          15.8,
          1.0,
          0.0
        ],
        [
          93.2,
          110.0,
          34.6,
          2.0,
          0.0
        ],
        [
          29.8,
          110.4,
          183.4,
          22.0,
          0.0
        ],
        [
          0.2,
          4.2,
          54.4,
          107.8,
          6.0
        ],
        [
          0.0,
          0.0,
          8.4,
          5.2,
          26.4
        ]
      ]
    },
    "test": {
      "qwk": {
        "mean": 0.8447440723416741,
        "std": 0.0
      },
      "acc": {
        "mean": 0.6666666666666666,
        "std": 0.0
      },
      "mae": {
        "mean": 0.3665458937198068,
        "std": 0.0
      },
      "macro_f1": {
        "mean": 0.691376600954351,
        "std": 0.0
      },
      "ece": {
        "mean": 0.064601664111954,
        "std": 0.0
      },
      "f1_per_class": {
        "mean": [
          0.7749419953596288,
          0.3840682788051209,
          0.6264441591784339,
          0.8333333333333334,
          0.8380952380952381
        ],
        "std": [
          0.0,
          0.0,
          0.0,
          0.0,
          0.0
        ]
      },
      "confusion": [
        [
          501.0,
          128.0,
          10.0,
          0.0,
          0.0
        ],
        [
          112.0,
          135.0,
          49.0,
          0.0,
          0.0
        ],
        [
          41.0,
          140.0,
          244.0,
          22.0,
          0.0
        ],
        [
          0.0,
          4.0,
          29.0,
          180.0,
          10.0
        ],
        [
          0.0,
          0.0,
          0.0,
          7.0,
          44.0
        ]
      ]
    },
    "val_raw": [
      {
        "qwk": 0.821440091313584,
        "acc": 0.6399394856278366,
        "mae": 0.4001512859304085,
        "f1_per_class": [
          0.7598896044158233,
          0.3815789473684211,
          0.5565862708719852,
          0.8023598820058997,
          0.8732394366197183
        ],
        "macro_f1": 0.6747308282563695,
        "confusion": [
          [
            413,
            125,
            15,
            2,
            0
          ],
          [
            93,
            116,
            29,
            2,
            0
          ],
          [
            26,
            121,
            150,
            29,
            0
          ],
          [
            0,
            6,
            19,
            136,
            4
          ],
          [
            0,
            0,
            0,
            5,
            31
          ]
        ],
        "ece": 0.14072486030081577,
        "seed": 42,
        "fold": 0
      },
      {
        "qwk": 0.8204129448525097,
        "acc": 0.6391830559757943,
        "mae": 0.4122541603630862,
        "f1_per_class": [
          0.757439134355275,
          0.3522935779816514,
          0.5754385964912281,
          0.7639751552795031,
          0.8571428571428571
        ],
        "macro_f1": 0.661257864250103,
        "confusion": [
          [
            420,
            77,
            11,
            1,
            0
          ],
          [
            134,
            96,
            35,
            4,
            0
          ],
          [
            46,
            98,
            164,
            22,
            0
          ],
          [
            0,
            5,
            30,
            123,
            8
          ],
          [
            0,
            0,
            0,
            6,
            42
          ]
        ],
        "ece": 0.18339441006555135,
        "seed": 42,
        "fold": 1
      },
      {
        "qwk": 0.8223681366328526,
        "acc": 0.6106060606060606,
        "mae": 0.41893939393939394,
        "f1_per_class": [
          0.7009646302250804,
          0.3988439306358382,
          0.5790408525754884,
          0.8021680216802168,
          0.7228915662650602
        ],
        "macro_f1": 0.6407818002763368,
        "confusion": [
          [
            327,
            180,
            10,
            1,
            0
          ],
          [
            67,
            138,
            26,
            4,
            0
          ],
          [
            20,
            138,
            163,
            28,
            0
          ],
          [
            1,
            1,
            15,
            148,
            14
          ],
          [
            0,
            0,
            0,
            9,
            30
          ]
        ],
        "ece": 0.14526896921522686,
        "seed": 42,
        "fold": 2
      },
      {
        "qwk": 0.8191020518794778,
        "acc": 0.6303030303030303,
        "mae": 0.4053030303030303,
        "f1_per_class": [
          0.7337662337662337,
          0.3600713012477718,
          0.6302864938608458,
          0.7457627118644068,
          0.8529411764705882
        ],
        "macro_f1": 0.6645655834419693,
        "confusion": [
          [
            339,
            139,
            24,
            1,
            0
          ],
          [
            64,
            101,
            49,
            0,
            0
          ],
          [
            18,
            104,
            231,
            31,
            0
          ],
          [
            0,
            3,
            45,
            132,
            4
          ],
          [
            0,
            0,
            0,
            6,
            29
          ]
        ],
        "ece": 0.15459447286345743,
        "seed": 42,
        "fold": 3
      },
      {
        "qwk": 0.6872714363969654,
        "acc": 0.5371212121212121,
        "mae": 0.5431818181818182,
        "f1_per_class": [
          0.744661095636026,
          0.3626373626373626,
          0.5186104218362283,
          0.0,
          0.0
        ],
        "macro_f1": 0.32518177602192344,