{
  "config": {
    "data_root": "~/datasets/knee-kl/KneeXrayData/ClsKLData/kneeKL224",
    "img_size": 224,
    "center_crop_ratio": 0.8,
    "num_classes": 5,
    "n_folds": 5,
    "patient_aware_split": true,
    "backbone": "resnet50",
    "attention": "triplet",
    "loss_type": "cdw_ce",
    "use_imbalance": true,
    "use_contrastive": true,
    "lr_backbone": 0.0001,
    "lr_head": 0.001,
    "cdw_power": 3.0,
    "contrastive_lambda": 0.5,
    "contrastive_temp": 0.1,
    "contrastive_beta": 1.0,
    "proj_dim": 128,
    "batch_size": 128,
    "epochs": 50,
    "early_stop_patience": 10,
    "seed": 42,
    "monitor_metric": "qwk",
    "num_workers": 8,
    "output_dir": "outputs"
  },
  "result": {
    "val": {
      "qwk": {
        "mean": 0.6679384559863688,
        "std": 0.01111502596013561
      },
      "acc": {
        "mean": 0.36038440379590153,
        "std": 0.011332513838666042
      },
      "mae": {
        "mean": 0.6718697565671847,
        "std": 0.013488579514451617
      },
      "macro_f1": {
        "mean": 0.4575303981305363,
        "std": 0.012278047193936032
      },
      "ece": {
        "mean": 0.4377327510374946,
        "std": 0.013241612751160406
      },
      "f1_per_class": {
        "mean": [
          0.0,
          0.3568830174901933,
          0.4345948112562324,
          0.6800527280626695,
          0.8161214338435865
        ],
        "std": [
          0.0,
          0.023094778401161,
          0.018192419199093313,
          0.016263675847571393,
          0.07078551125064446
        ]
      },
      "confusion": [
        [
          0.0,
          494.8,
          26.2,
          1.6,
          0.2
        ],
        [
          0.0,
          200.6,
          35.0,
          4.2,
          0.0
        ],
        [
          0.0,
          178.8,
          122.8,
          44.0,
          0.0
        ],
        [
          0.0,
          8.4,
          35.6,
          116.8,
          11.8
        ],
        [
          0.0,
          0.0,
          0.0,
          4.2,
          35.8
        ]
      ]
    },
    "test": {
      "qwk": {
        "mean": 0.6867197402075158,
        "std": 0.0
      },
      "acc": {
        "mean": 0.3713768115942029,
        "std": 0.0
      },
      "mae": {
        "mean": 0.6497584541062802,
        "std": 0.0
      },
      "macro_f1": {
        "mean": 0.48095090411957553,
        "std": 0.0
      },
      "ece": {
        "mean": 0.40241778353994023,
        "std": 0.0
      },
      "f1_per_class": {
        "mean": [
          0.0,
          0.3431867339581831,
          0.4489795918367347,
          0.7472035794183445,
          0.8653846153846154
        ],
        "std": [
          0.0,
          0.0,
          0.0,
          0.0,
          0.0
        ]
      },
      "confusion": [
        [
          0.0,
          613.0,
          26.0,
          0.0,
          0.0
        ],
        [
          0.0,
          238.0,
          58.0,
          0.0,
          0.0
        ],
        [
          0.0,
          231.0,
          165.0,
          51.0,
          0.0
        ],
        [
          0.0,
          9.0,
          39.0,
          167.0,
          8.0
        ],
        [
          0.0,
          0.0,
          0.0,
          6.0,
          45.0
        ]
      ]
    },
    "val_raw": [
      {
        "qwk": 0.6596998692496627,
        "acc": 0.3524962178517398,
        "mae": 0.6815431164901664,
        "f1_per_class": [
          0.0,
          0.35458515283842795,
          0.42045454545454547,
          0.6982248520710059,
          0.8717948717948718
        ],
        "macro_f1": 0.4690118844317702,
        "confusion": [
          [
            0,
            525,
            28,
            2,
            0
          ],
          [
            0,
            203,
            32,
            5,
            0
          ],
          [
            0,
            169,
            111,
            46,
            0
          ],
          [
            0,
            8,
            31,
            118,
            8
          ],
          [
            0,
            0,
            0,
            2,
            34
          ]
        ],
        "ece": 0.451386352598036,
        "seed": 42,
        "fold": 0
      },
      {
        "qwk": 0.6870266739812342,
        "acc": 0.3789712556732224,
        "mae": 0.6482602118003026,
        "f1_per_class": [
          0.0,
          0.39304347826086955,
          0.44964028776978415,
          0.6523076923076923,
          0.8461538461538461
        ],
        "macro_f1": 0.4682290608984384,
        "confusion": [
          [
            0,
            486,
            21,
            2,
            0
          ],
          [
            0,
            226,
            41,
            2,
            0
          ],
          [
            0,
            160,
            125,
            45,
            0
          ],
          [
            0,
            9,
            39,
            106,
            12
          ],
          [
            0,
            0,
            0,
            4,
            44
          ]
        ],
        "ece": 0.42121997732618394,
        "seed": 42,
        "fold": 1
      },
      {
        "qwk": 0.6634028985684459,
        "acc": 0.3613636363636364,
        "mae": 0.6765151515151515,
        "f1_per_class": [
          0.0,
          0.3463687150837989,
          0.45695364238410596,
          0.6908077994428969,
          0.6823529411764706
        ],
        "macro_f1": 0.4352966196174545,
        "confusion": [
          [
            0,
            479,
            37,
            1,
            1
          ],
          [
            0,
            186,
            45,
            4,
            0
          ],
          [
            0,
            170,
            138,
            41,
            0
          ],
          [
            0,
            4,
            35,
            124,
            16
          ],
          [
            0,
            0,
            0,
            10,
            29
          ]
        ],
        "ece": 0.427385779108965,
        "seed": 42,
        "fold": 2
      },
      {
        "qwk": 0.6562673252356233,
        "acc": 0.34545454545454546,
        "mae": 0.6863636363636364,
        "f1_per_class": [
          0.0,
          0.3231763619575254,
          0.4078303425774878,
          0.6721763085399449,
          0.8717948717948718
        ],
        "macro_f1": 0.45499557697396603,
        "confusion": [
          [
            0,
            476,
            26,
            1,
            0
          ],
          [
            0,
            175,
            33,
            6,
            0
          ],
          [
            0,
            210,
            125,
            49,
            0
          ],
          [
            0,
            8,
            45,
            122,
            9
          ],
          [
            0,
            0,
            0,
            1,
            34
          ]
        ],
        "ece": 0.45490341649362537,
        "seed": 42,
        "fold": 3
      },
      {
        "qwk": 0.6732955128968783,
        "acc": 0.36363636363636365,
        "mae": 0.6666666666666666,
        "f1_per_class": [
          0.0,
          0.36724137931034484,
          0.4380952380952381,
          0.6867469879518072,
          0.8085106382978723
        ],
        "macro_f1": 0.46011884873105247,