{
  "config": {
    "data_root": "~/datasets/knee-kl/KneeXrayData/ClsKLData/kneeKL224",
    "img_size": 224,
    "center_crop_ratio": 0.8,
    "num_classes": 5,
    "n_folds": 5,
    "patient_aware_split": true,
    "backbone": "convnext_tiny",
    "attention": "coord",
    "loss_type": "cdw_ce",
    "use_imbalance": false,
    "use_contrastive": false,
    "lr_backbone": 0.0001,
    "lr_head": 0.001,
    "cdw_power": 3.0,
    "contrastive_lambda": 0.5,
    "contrastive_temp": 0.1,
    "contrastive_beta": 1.0,
    "proj_dim": 128,
    "batch_size": 128,
    "epochs": 50,
    "early_stop_patience": 10,
    "seed": 42,
    "monitor_metric": "qwk",
    "num_workers": 8,
    "output_dir": "outputs"
  },
  "result": {
    "val": {
      "qwk": {
        "mean": 0.6714241116149174,
        "std": 0.0021135325390169196
      },
      "acc": {
        "mean": 0.5068186402603951,
        "std": 0.018313648651237146
      },
      "mae": {
        "mean": 0.569654563792234,
        "std": 0.008354637802567136
      },
      "macro_f1": {
        "mean": 0.3067388524494758,
        "std": 0.004552121416676354
      },
      "ece": {
        "mean": 0.27242214833733575,
        "std": 0.02930827775197601
      },
      "f1_per_class": {
        "mean": [
          0.7288615968590334,
          0.3407552327576805,
          0.46407743263066503,
          0.0,
          0.0
        ],
        "std": [
          0.024287062056864716,
          0.04524498860457465,
          0.04859379413559548,
          0.0,
          0.0
        ]
      },
      "confusion": [
        [
          382.0,
          127.2,
          13.6,
          0.0,
          0.0
        ],
        [
          103.0,
          106.2,
          30.6,
          0.0,
          0.0
        ],
        [
          36.8,
          127.6,
          181.2,
          0.0,
          0.0
        ],
        [
          1.0,
          8.6,
          163.0,
          0.0,
          0.0
        ],
        [
          0.0,
          0.0,
          40.0,
          0.0,
          0.0
        ]
      ]
    },
    "test": {
      "qwk": {
        "mean": 0.6967902005190336,
        "std": 0.0
      },
      "acc": {
        "mean": 0.5211352657004831,
        "std": 0.0
      },
      "mae": {
        "mean": 0.5440821256038647,
        "std": 0.0
      },
      "macro_f1": {
        "mean": 0.3197931887931888,
        "std": 0.0
      },
      "ece": {
        "mean": 0.20947294450108553,
        "std": 0.0
      },
      "f1_per_class": {
        "mean": [
          0.7644787644787645,
          0.375,
          0.4594871794871795,
          0.0,
          0.0
        ],
        "std": [
          0.0,
          0.0,
          0.0,
          0.0,
          0.0
        ]
      },
      "confusion": [
        [
          495.0,
          135.0,
          9.0,
          0.0,
          0.0
        ],
        [
          122.0,
          144.0,
          30.0,
          0.0,
          0.0
        ],
        [
          39.0,
          184.0,
          224.0,
          0.0,
          0.0
        ],
        [
          0.0,
          9.0,
          214.0,
          0.0,
          0.0
        ],
        [
          0.0,
          0.0,
          51.0,
          0.0,
          0.0
        ]
      ]
    },
    "val_raw": [
      {
        "qwk": 0.6713514605429904,
        "acc": 0.5007564296520424,
        "mae": 0.5574886535552194,
        "f1_per_class": [
          0.6926229508196722,
          0.38935574229691877,
          0.4913678618857902,
          0.0,
          0.0
        ],
        "macro_f1": 0.31466931100047624,
        "confusion": [
          [
            338,
            202,
            15,
            0,
            0
          ],
          [
            66,
            139,
            35,
            0,
            0
          ],
          [
            17,
            124,
            185,
            0,
            0
          ],
          [
            0,
            9,
            156,
            0,
            0
          ],
          [
            0,
            0,
            36,
            0,
            0
          ]
        ],
        "ece": 0.2298023226627243,
        "seed": 42,
        "fold": 0
      },
      {
        "qwk": 0.6679661184279515,
        "acc": 0.4977307110438729,
        "mae": 0.5824508320726173,
        "f1_per_class": [
          0.7408793264733395,
          0.35802469135802467,
          0.40953716690042075,
          0.0,
          0.0
        ],
        "macro_f1": 0.301688236946357,
        "confusion": [
          [
            396,
            105,
            8,
            0,
            0
          ],
          [
            126,
            116,
            27,
            0,
            0
          ],
          [
            38,
            146,
            146,
            0,
            0
          ],
          [
            0,
            12,
            154,
            0,
            0
          ],
          [
            0,
            0,
            48,
            0,
            0
          ]
        ],
        "ece": 0.2788860514737474,
        "seed": 42,
        "fold": 1
      },
      {
        "qwk": 0.6745646960692315,
        "acc": 0.4818181818181818,
        "mae": 0.5742424242424242,
        "f1_per_class": [
          0.71875,
          0.3789764868603043,
          0.4167794316644114,
          0.0,
          0.0
        ],
        "macro_f1": 0.3029011837049431,
        "confusion": [
          [
            345,
            167,
            6,
            0,
            0
          ],
          [
            77,
            137,
            21,
            0,
            0
          ],
          [
            19,
            176,
            154,
            0,
            0
          ],
          [
            1,
            8,
            170,
            0,
            0
          ],
          [
            0,
            0,
            39,
            0,
            0
          ]
        ],
        "ece": 0.2542144594996265,
        "seed": 42,
        "fold": 2
      },
      {
        "qwk": 0.6711539749514432,
        "acc": 0.5189393939393939,
        "mae": 0.5681818181818182,
        "f1_per_class": [
          0.726027397260274,
          0.270042194092827,
          0.5405405405405406,
          0.0,
          0.0
        ],
        "macro_f1": 0.3073220263787283,
        "confusion": [
          [
            371,
            102,
            30,
            0,
            0
          ],
          [
            103,
            64,
            47,
            0,
            0
          ],
          [
            44,
            90,
            250,
            0,
            0
          ],
          [
            1,
            4,
            179,
            0,
            0
          ],
          [
            0,
            0,
            35,
            0,
            0
          ]
        ],
        "ece": 0.3173158580155083,
        "seed": 42,
        "fold": 3
      },
      {
        "qwk": 0.6720843080829701,
        "acc": 0.5348484848484848,
        "mae": 0.5659090909090909,
        "f1_per_class": [
          0.7660283097418817,
          0.3073770491803279,
          0.46216216216216216,
          0.0,
          0.0
        ],
        "macro_f1": 0.30711350421687433,
        "confusion": [
          [
            460,
            60,
            9,
            0,
            0
          ],
          [
            143,
            75,
            23,
            0,
            0
          ],
          [
            66,
            102,
            171,
            0,
            0
          ],
          [
            3,
            10,
            156,
            0,
            0
          ],
          [
            0,
            0,
            42,
            0,
            0
          ]
        ],
        "ece": 0.2818920500350721,
        "seed": 42,
        "fold": 4
      }
    ],