{
  "config": {
    "data_root": "~/datasets/knee-kl/KneeXrayData/ClsKLData/kneeKL224",
    "img_size": 224,
    "center_crop_ratio": 0.8,
    "num_classes": 5,
    "n_folds": 5,
    "patient_aware_split": true,
    "backbone": "convnext_tiny",
    "attention": "triplet",
    "loss_type": "ce",
    "use_imbalance": false,
    "use_contrastive": false,
    "lr_backbone": 0.0001,
    "lr_head": 0.001,
    "cdw_power": 3.0,
    "contrastive_lambda": 0.5,
    "contrastive_temp": 0.1,
    "contrastive_beta": 1.0,
    "proj_dim": 128,
    "batch_size": 128,
    "epochs": 50,
    "early_stop_patience": 10,
    "seed": 42,
    "monitor_metric": "qwk",
    "num_workers": 8,
    "output_dir": "outputs"
  },
  "result": {
    "val": {
      "qwk": {
        "mean": 0.8092789937223255,
        "std": 0.0041920392217206035
      },
      "acc": {
        "mean": 0.6509650208591207,
        "std": 0.017948305793082677
      },
      "mae": {
        "mean": 0.41005845138220326,
        "std": 0.01311211443873624
      },
      "macro_f1": {
        "mean": 0.6680249413781898,
        "std": 0.015537606301379231
      },
      "ece": {
        "mean": 0.051254284646949054,
        "std": 0.00968728043643018
      },
      "f1_per_class": {
        "mean": [
          0.7473259919261992,
          0.3515749640669531,
          0.6233431044136318,
          0.7734122693328613,
          0.844468377151304
        ],
        "std": [
          0.03038477431794723,
          0.02688622321185297,
          0.030708543771509174,
          0.035065921772411156,
          0.027230836245006624
        ]
      },
      "confusion": [
        [
          399.0,
          93.4,
          29.8,
          0.6,
          0.0
        ],
        [
          101.2,
          87.0,
          47.0,
          4.6,
          0.0
        ],
        [
          39.6,
          71.2,
          205.4,
          29.4,
          0.0
        ],
        [
          1.2,
          3.0,
          28.0,
          136.0,
          4.4
        ],
        [
          0.0,
          0.0,
          0.0,
          7.6,
          32.4
        ]
      ]
    },
    "test": {
      "qwk": {
        "mean": 0.8397489598506832,
        "std": 0.0
      },
      "acc": {
        "mean": 0.6871980676328503,
        "std": 0.0
      },
      "mae": {
        "mean": 0.3611111111111111,
        "std": 0.0
      },
      "macro_f1": {
        "mean": 0.6967061151361198,
        "std": 0.0
      },
      "ece": {
        "mean": 0.03534543812994797,
        "std": 0.0
      },
      "f1_per_class": {
        "mean": [
          0.7910447761194029,
          0.32098765432098764,
          0.6666666666666666,
          0.8388520971302428,
          0.865979381443299
        ],
        "std": [
          0.0,
          0.0,
          0.0,
          0.0,
          0.0
        ]
      },
      "confusion": [
        [
          530.0,
          86.0,
          23.0,
          0.0,
          0.0
        ],
        [
          124.0,
          91.0,
          77.0,
          4.0,
          0.0
        ],
        [
          47.0,
          88.0,
          285.0,
          27.0,
          0.0
        ],
        [
          0.0,
          6.0,
          23.0,
          190.0,
          4.0
        ],
        [
          0.0,
          0.0,
          0.0,
          9.0,
          42.0
        ]
      ]
    },
    "val_raw": [
      {
        "qwk": 0.8108003119350193,
        "acc": 0.6754916792738276,
        "mae": 0.3888048411497731,
        "f1_per_class": [
          0.7647058823529411,
          0.39591836734693875,
          0.6484848484848484,
          0.8058823529411765,
          0.8787878787878788
        ],
        "macro_f1": 0.6987558659827566,
        "confusion": [
          [
            416,
            97,
            41,
            1,
            0
          ],
          [
            83,
            97,
            54,
            6,
            0
          ],
          [
            34,
            54,
            214,
            24,
            0
          ],
          [
            0,
            2,
            25,
            137,
            1
          ],
          [
            0,
            0,
            0,
            7,
            29
          ]
        ],
        "ece": 0.040243620095202506,
        "seed": 42,
        "fold": 0
      },
      {
        "qwk": 0.8056333074674876,
        "acc": 0.6399394856278366,
        "mae": 0.4183055975794251,
        "f1_per_class": [
          0.7433962264150943,
          0.316008316008316,
          0.6428571428571429,
          0.7253521126760564,
          0.8571428571428571
        ],
        "macro_f1": 0.6569513310198933,
        "confusion": [
          [
            394,
            81,
            34,
            0,
            0
          ],
          [
            118,
            76,
            75,
            0,
            0
          ],
          [
            38,
            52,
            234,
            6,
            0
          ],
          [
            1,
            3,
            55,
            103,
            4
          ],
          [
            0,
            0,
            0,
            9,
            39
          ]
        ],
        "ece": 0.052045057224794494,
        "seed": 42,
        "fold": 1
      },
      {
        "qwk": 0.8162080620214249,
        "acc": 0.6537878787878788,
        "mae": 0.40606060606060607,
        "f1_per_class": [
          0.7589928057553957,
          0.36328125,
          0.5775401069518716,
          0.8210526315789474,
          0.8
        ],
        "macro_f1": 0.664173358857243,
        "confusion": [
          [
            422,
            78,
            17,
            1,
            0
          ],
          [
            119,
            93,
            20,
            3,
            0
          ],
          [
            51,
            104,
            162,
            32,
            0
          ],
          [
            2,
            2,
            13,
            156,
            6
          ],
          [
            0,
            0,
            0,
            9,
            30
          ]
        ],
        "ece": 0.045884369945887384,
        "seed": 42,
        "fold": 2
      },
      {
        "qwk": 0.8043561310431894,
        "acc": 0.6234848484848485,
        "mae": 0.42803030303030304,
        "f1_per_class": [
          0.6909090909090909,
          0.34558823529411764,
          0.652232746955345,
          0.7567567567567568,
          0.8571428571428571
        ],
        "macro_f1": 0.6605259374116336,
        "confusion": [
          [
            304,
            159,
            39,
            1,
            0
          ],
          [
            58,
            94,
            53,
            9,
            0
          ],
          [
            15,
            74,
            241,
            54,
            0
          ],
          [
            0,
            3,
            22,
            154,
            5
          ],
          [
            0,
            0,
            0,
            5,
            30
          ]
        ],
        "ece": 0.049124472972118534,
        "seed": 42,
        "fold": 3
      },
      {
        "qwk": 0.8093971561445062,
        "acc": 0.6621212121212121,
        "mae": 0.4090909090909091,
        "f1_per_class": [
          0.7786259541984732,
          0.33707865168539325,
          0.5956006768189509,
          0.7580174927113703,
          0.8292682926829268
        ],
        "macro_f1": 0.659718213619423,