{
  "config": {
    "data_root": "~/datasets/knee-kl/KneeXrayData/ClsKLData/kneeKL224",
    "img_size": 224,
    "center_crop_ratio": 0.8,
    "num_classes": 5,
    "n_folds": 5,
    "patient_aware_split": true,
    "backbone": "convnext_tiny",
    "attention": "triplet",
    "loss_type": "cdw_ce",
    "use_imbalance": true,
    "use_oversampling": false,
    "use_class_weight": true,
    "use_contrastive": true,
    "lr_backbone": 0.0001,
    "lr_head": 0.001,
    "cdw_power": 5.0,
    "contrastive_lambda": 0.5,
    "contrastive_temp": 0.1,
    "contrastive_beta": 1.0,
    "proj_dim": 128,
    "batch_size": 128,
    "epochs": 50,
    "early_stop_patience": 10,
    "seed": 42,
    "monitor_metric": "qwk",
    "num_workers": 8,
    "output_dir": "outputs",
    "save_checkpoints": false
  },
  "result": {
    "val": {
      "qwk": {
        "mean": 0.7758451379632849,
        "std": 0.039893519157044394
      },
      "acc": {
        "mean": 0.5467611057626186,
        "std": 0.07692379925444694
      },
      "mae": {
        "mean": 0.4836689130335121,
        "std": 0.06775452374165157
      },
      "macro_f1": {
        "mean": 0.517191565501028,
        "std": 0.0741756924358794
      },
      "ece": {
        "mean": 0.2922206770351578,
        "std": 0.10099581602800083
      },
      "f1_per_class": {
        "mean": [
          0.5395074356549434,
          0.3768021596251252,
          0.5687212007033456,
          0.7523013443653035,
          0.34862568715642184
        ],
        "std": [
          0.2769754418200687,
          0.020540623109153933,
          0.01652683573192959,
          0.019161731610223515,
          0.42697939413879227
        ]
      },
      "confusion": [
        [
          255.4,
          248.4,
          18.6,
          0.4,
          0.0
        ],
        [
          56.8,
          143.8,
          37.0,
          2.2,
          0.0
        ],
        [
          14.8,
          131.8,
          170.8,
          28.2,
          0.0
        ],
        [
          0.0,
          3.8,
          28.0,
          138.6,
          2.2
        ],
        [
          0.0,
          0.0,
          0.0,
          26.4,
          13.6
        ]
      ]
    },
    "test": {
      "qwk": {
        "mean": 0.8087795606476293,
        "std": 0.0
      },
      "acc": {
        "mean": 0.5851449275362319,
        "std": 0.0
      },
      "mae": {
        "mean": 0.4305555555555556,
        "std": 0.0
      },
      "macro_f1": {
        "mean": 0.49458051966003147,
        "std": 0.0
      },
      "ece": {
        "mean": 0.13456622286191308,
        "std": 0.0
      },
      "f1_per_class": {
        "mean": [
          0.6552053486150907,
          0.4172661870503597,
          0.6135458167330677,
          0.7868852459016393,
          0.0
        ],
        "std": [
          0.0,
          0.0,
          0.0,
          0.0,
          0.0
        ]
      },
      "confusion": [
        [
          343.0,
          286.0,
          10.0,
          0.0,
          0.0
        ],
        [
          54.0,
          203.0,
          38.0,
          1.0,
          0.0
        ],
        [
          11.0,
          184.0,
          231.0,
          21.0,
          0.0
        ],
        [
          0.0,
          4.0,
          27.0,
          192.0,
          0.0
        ],
        [
          0.0,
          0.0,
          0.0,
          51.0,
          0.0
        ]
      ]
    },
    "val_raw": [
      {
        "qwk": 0.7884992143086662,
        "acc": 0.5998487140695915,
        "mae": 0.44478063540090773,
        "f1_per_class": [
          0.7195357833655706,
          0.3786407766990291,
          0.5743243243243243,
          0.7362637362637363,
          0.0
        ],
        "macro_f1": 0.4817529241305321,
        "confusion": [
          [
            372,
            157,
            25,
            1,
            0
          ],
          [
            79,
            117,
            42,
            2,
            0
          ],
          [
            28,
            102,
            170,
            26,
            0
          ],
          [
            0,
            2,
            29,
            134,
            0
          ],
          [
            0,
            0,
            0,
            36,
            0
          ]
        ],
        "ece": 0.23915713966884702,
        "seed": 42,
        "fold": 0
      },
      {
        "qwk": 0.7971784010939532,
        "acc": 0.5885022692889561,
        "mae": 0.44780635400907715,
        "f1_per_class": [
          0.7129533678756477,
          0.39280359820089955,
          0.5660377358490566,
          0.7244094488188977,
          0.0
        ],
        "macro_f1": 0.4792408301489003,
        "confusion": [
          [
            344,
            143,
            21,
            1,
            0
          ],
          [
            93,
            131,
            43,
            2,
            0
          ],
          [
            19,
            120,
            165,
            26,
            0
          ],
          [
            0,
            4,
            24,
            138,
            0
          ],
          [
            0,
            0,
            0,
            48,
            0
          ]
        ],
        "ece": 0.2369846355355994,
        "seed": 42,
        "fold": 1
      },
      {
        "qwk": 0.7801926546732569,
        "acc": 0.5257575757575758,
        "mae": 0.48787878787878786,
        "f1_per_class": [
          0.5528031290743155,
          0.4009111617312073,
          0.5415162454873647,
          0.7761194029850746,
          0.0
        ],
        "macro_f1": 0.45426998785559236,
        "confusion": [
          [
            212,
            297,
            9,
            0,
            0
          ],
          [
            32,
            176,
            27,
            0,
            0
          ],
          [
            5,
            166,
            150,
            28,
            0
          ],
          [
            0,
            4,
            19,
            156,
            0
          ],
          [
            0,
            0,
            0,
            39,
            0
          ]
        ],
        "ece": 0.26768506422187344,
        "seed": 42,
        "fold": 2
      },
      {
        "qwk": 0.6992819387335198,
        "acc": 0.4053030303030303,
        "mae": 0.6128787878787879,
        "f1_per_class": [
          0.0,
          0.3418803418803419,
          0.5687789799072643,
          0.7663043478260869,
          0.8695652173913043
        ],
        "macro_f1": 0.5093057774009995,
        "confusion": [
          [
            0,
            488,
            15,
            0,
            0
          ],
          [
            0,
            180,
            30,
            4,
            0
          ],
          [
            0,
            166,
            184,
            34,
            0
          ],
          [
            0,
            5,
            34,
            141,
            4
          ],
          [
            0,
            0,
            0,
            5,
            30
          ]
        ],
        "ece": 0.4922597992600817,
        "seed": 42,
        "fold": 3
      },
      {
        "qwk": 0.8140734810070278,
        "acc": 0.6143939393939394,
        "mae": 0.425,
        "f1_per_class": [
          0.7122448979591837,
          0.36977491961414793,
          0.592948717948718,
          0.7584097859327217,
          0.8735632183908046
        ],
        "macro_f1": 0.6613883079691153,