{
  "config": {
    "data_root": "~/datasets/knee-kl/KneeXrayData/ClsKLData/kneeKL224",
    "img_size": 224,
    "center_crop_ratio": 0.8,
    "num_classes": 5,
    "n_folds": 5,
    "patient_aware_split": true,
    "backbone": "convnext_tiny",
    "attention": "triplet",
    "loss_type": "cdw_ce",
    "use_imbalance": true,
    "use_contrastive": true,
    "lr_backbone": 0.0001,
    "lr_head": 0.001,
    "cdw_power": 3.0,
    "contrastive_lambda": 0.5,
    "contrastive_temp": 0.1,
    "contrastive_beta": 1.0,
    "proj_dim": 128,
    "batch_size": 128,
    "epochs": 50,
    "early_stop_patience": 10,
    "seed": 42,
    "monitor_metric": "qwk",
    "num_workers": 8,
    "output_dir": "outputs"
  },
  "result": {
    "val": {
      "qwk": {
        "mean": 0.8079192325283551,
        "std": 0.007888593433821423
      },
      "acc": {
        "mean": 0.586303809654793,
        "std": 0.02244284571906707
      },
      "mae": {
        "mean": 0.44306927061843854,
        "std": 0.020362921763153168
      },
      "macro_f1": {
        "mean": 0.6472447177012464,
        "std": 0.016300078467247275
      },
      "ece": {
        "mean": 0.17790416927050706,
        "std": 0.013865342749486663
      },
      "f1_per_class": {
        "mean": [
          0.6753323882968492,
          0.39803667435855844,
          0.5310909737578421,
          0.7699484070657101,
          0.8618151450272725
        ],
        "std": [
          0.04016254872928652,
          0.010142395735652487,
          0.04436601121870227,
          0.025736249946430992,
          0.03221557796977699
        ]
      },
      "confusion": [
        [
          310.4,
          198.6,
          13.0,
          0.8,
          0.0
        ],
        [
          66.0,
          146.8,
          24.8,
          2.2,
          0.0
        ],
        [
          16.6,
          148.4,
          149.6,
          31.0,
          0.0
        ],
        [
          0.4,
          4.6,
          28.6,
          132.0,
          7.0
        ],
        [
          0.0,
          0.0,
          0.0,
          4.4,
          35.6
        ]
      ]
    },
    "test": {
      "qwk": {
        "mean": 0.8360325751007082,
        "std": 0.0
      },
      "acc": {
        "mean": 0.6256038647342995,
        "std": 0.0
      },
      "mae": {
        "mean": 0.39371980676328505,
        "std": 0.0
      },
      "macro_f1": {
        "mean": 0.6884572299463919,
        "std": 0.0
      },
      "ece": {
        "mean": 0.08814427463544738,
        "std": 0.0
      },
      "f1_per_class": {
        "mean": [
          0.7183600713012478,
          0.41541755888650966,
          0.5754583921015515,
          0.8545454545454545,
          0.8785046728971962
        ],
        "std": [
          0.0,
          0.0,
          0.0,
          0.0,
          0.0
        ]
      },
      "confusion": [
        [
          403.0,
          228.0,
          8.0,
          0.0,
          0.0
        ],
        [
          67.0,
          194.0,
          32.0,
          3.0,
          0.0
        ],
        [
          13.0,
          208.0,
          204.0,
          22.0,
          0.0
        ],
        [
          0.0,
          8.0,
          18.0,
          188.0,
          9.0
        ],
        [
          0.0,
          0.0,
          0.0,
          4.0,
          47.0
        ]
      ]
    },
    "val_raw": [
      {
        "qwk": 0.808461315560707,
        "acc": 0.6081694402420574,
        "mae": 0.424357034795764,
        "f1_per_class": [
          0.6907962771458118,
          0.4050632911392405,
          0.5805309734513274,
          0.7891566265060241,
          0.8985507246376812
        ],
        "macro_f1": 0.672819578576017,
        "confusion": [
          [
            334,
            206,
            14,
            1,
            0
          ],
          [
            59,
            144,
            32,
            5,
            0
          ],
          [
            18,
            119,
            164,
            25,
            0
          ],
          [
            1,
            2,
            29,
            131,
            2
          ],
          [
            0,
            0,
            0,
            5,
            31
          ]
        ],
        "ece": 0.176450712530227,
        "seed": 42,
        "fold": 0
      },
      {
        "qwk": 0.8084061989425136,
        "acc": 0.5892586989409985,
        "mae": 0.4470499243570348,
        "f1_per_class": [
          0.7132867132867133,
          0.39617486338797814,
          0.45656565656565656,
          0.7555555555555555,
          0.8910891089108911
        ],
        "macro_f1": 0.642534379541359,
        "confusion": [
          [
            357,
            145,
            6,
            1,
            0
          ],
          [
            106,
            145,
            16,
            2,
            0
          ],
          [
            28,
            165,
            113,
            24,
            0
          ],
          [
            1,
            8,
            30,
            119,
            8
          ],
          [
            0,
            0,
            0,
            3,
            45
          ]
        ],
        "ece": 0.1689418722028632,
        "seed": 42,
        "fold": 1
      },
      {
        "qwk": 0.8216910423333924,
        "acc": 0.6128787878787879,
        "mae": 0.41515151515151516,
        "f1_per_class": [
          0.7118279569892473,
          0.40804597701149425,
          0.5587734241908007,
          0.8045977011494253,
          0.810126582278481
        ],
        "macro_f1": 0.6586743283238896,
        "confusion": [
          [
            331,
            168,
            19,
            0,
            0
          ],
          [
            66,
            142,
            26,
            1,
            0
          ],
          [
            15,
            149,
            164,
            21,
            0
          ],
          [
            0,
            2,
            29,
            140,
            8
          ],
          [
            0,
            0,
            0,
            7,
            32
          ]
        ],
        "ece": 0.20361983557090613,
        "seed": 42,
        "fold": 2
      },
      {
        "qwk": 0.7981289201732421,
        "acc": 0.5621212121212121,
        "mae": 0.46136363636363636,
        "f1_per_class": [
          0.6528623629719854,
          0.4015444015444015,
          0.5066225165562914,
          0.7307692307692307,
          0.8648648648648649
        ],
        "macro_f1": 0.6313326753413547,
        "confusion": [
          [
            268,
            221,
            12,
            2,
            0
          ],
          [
            41,
            156,
            16,
            1,
            0
          ],
          [
            9,
            181,
            153,
            41,
            0
          ],
          [
            0,
            5,
            39,
            133,
            7
          ],
          [
            0,
            0,
            0,
            3,
            32
          ]
        ],
        "ece": 0.16316675268339387,
        "seed": 42,
        "fold": 3
      },
      {
        "qwk": 0.8029086856319205,
        "acc": 0.5590909090909091,
        "mae": 0.4674242424242424,
        "f1_per_class": [
          0.6078886310904872,
          0.3793548387096774,
          0.5529622980251346,
          0.7696629213483146,
          0.8444444444444444
        ],
        "macro_f1": 0.6308626267236117,