{
  "config": {
    "data_root": "~/datasets/knee-kl/KneeXrayData/ClsKLData/kneeKL224",
    "img_size": 224,
    "center_crop_ratio": 0.8,
    "num_classes": 5,
    "n_folds": 5,
    "patient_aware_split": true,
    "backbone": "densenet121",
    "attention": "none",
    "loss_type": "ce",
    "use_imbalance": false,
    "use_oversampling": true,
    "use_class_weight": true,
    "use_contrastive": false,
    "lr_backbone": 0.0001,
    "lr_head": 0.001,
    "cdw_power": 3.0,
    "contrastive_lambda": 0.5,
    "contrastive_temp": 0.1,
    "contrastive_beta": 1.0,
    "proj_dim": 128,
    "batch_size": 128,
    "epochs": 50,
    "early_stop_patience": 10,
    "seed": 42,
    "monitor_metric": "qwk",
    "num_workers": 8,
    "output_dir": "outputs"
  },
  "result": {
    "val": {
      "qwk": {
        "mean": 0.768615927521942,
        "std": 0.004231876080723557
      },
      "acc": {
        "mean": 0.6256835373401184,
        "std": 0.004624900016001062
      },
      "mae": {
        "mean": 0.46850501994223626,
        "std": 0.0019917252656466724
      },
      "macro_f1": {
        "mean": 0.6307307683097967,
        "std": 0.016562411632847197
      },
      "ece": {
        "mean": 0.11640761177769796,
        "std": 0.032615946497056236
      },
      "f1_per_class": {
        "mean": [
          0.724503085904856,
          0.25237637842500155,
          0.6027757849837403,
          0.7467059488622472,
          0.8272926433731387
        ],
        "std": [
          0.01617591423492276,
          0.03982443472884135,
          0.010027398918453577,
          0.023857804658417706,
          0.05933723040917885
        ]
      },
      "confusion": [
        [
          408.6,
          68.0,
          44.0,
          2.0,
          0.2
        ],
        [
          131.2,
          53.4,
          51.8,
          3.4,
          0.0
        ],
        [
          62.2,
          50.4,
          204.0,
          28.8,
          0.2
        ],
        [
          2.4,
          5.2,
          31.8,
          128.2,
          5.0
        ],
        [
          0.0,
          0.0,
          0.0,
          7.8,
          32.2
        ]
      ]
    },
    "test": {
      "qwk": {
        "mean": 0.7979148460763528,
        "std": 0.0
      },
      "acc": {
        "mean": 0.6757246376811594,
        "std": 0.0
      },
      "mae": {
        "mean": 0.4136473429951691,
        "std": 0.0
      },
      "macro_f1": {
        "mean": 0.6753701245171444,
        "std": 0.0
      },
      "ece": {
        "mean": 0.032745774475416684,
        "std": 0.0
      },
      "f1_per_class": {
        "mean": [
          0.767719298245614,
          0.27765726681127983,
          0.6345933562428407,
          0.8281938325991189,
          0.8686868686868687
        ],
        "std": [
          0.0,
          0.0,
          0.0,
          0.0,
          0.0
        ]
      },
      "confusion": [
        [
          547.0,
          49.0,
          42.0,
          1.0,
          0.0
        ],
        [
          145.0,
          64.0,
          84.0,
          3.0,
          0.0
        ],
        [
          92.0,
          47.0,
          277.0,
          31.0,
          0.0
        ],
        [
          2.0,
          5.0,
          23.0,
          188.0,
          5.0
        ],
        [
          0.0,
          0.0,
          0.0,
          8.0,
          43.0
        ]
      ]
    },
    "val_raw": [
      {
        "qwk": 0.7648555314179645,
        "acc": 0.6255673222390318,
        "mae": 0.46747352496217853,
        "f1_per_class": [
          0.7294727744165946,
          0.2616822429906542,
          0.608955223880597,
          0.7261146496815286,
          0.8266666666666667
        ],
        "macro_f1": 0.6305783115272081,
        "confusion": [
          [
            422,
            84,
            46,
            3,
            0
          ],
          [
            121,
            56,
            59,
            4,
            0
          ],
          [
            58,
            41,
            204,
            23,
            0
          ],
          [
            1,
            7,
            35,
            114,
            8
          ],
          [
            0,
            0,
            0,
            5,
            31
          ]
        ],
        "ece": 0.10528896778325993,
        "seed": 42,
        "fold": 0
      },
      {
        "qwk": 0.7764820607219528,
        "acc": 0.6187594553706506,
        "mae": 0.4659606656580938,
        "f1_per_class": [
          0.7049180327868853,
          0.2821576763485477,
          0.6108527131782946,
          0.7716049382716049,
          0.8631578947368421
        ],
        "macro_f1": 0.6465382510644349,
        "confusion": [
          [
            387,
            77,
            42,
            3,
            0
          ],
          [
            150,
            68,
            48,
            3,
            0
          ],
          [
            49,
            63,
            197,
            20,
            1
          ],
          [
            3,
            5,
            28,
            125,
            5
          ],
          [
            0,
            0,
            0,
            7,
            41
          ]
        ],
        "ece": 0.16868882940774968,
        "seed": 42,
        "fold": 1
      },
      {
        "qwk": 0.7665189868964498,
        "acc": 0.6310606060606061,
        "mae": 0.471969696969697,
        "f1_per_class": [
          0.7278911564625851,
          0.19444444444444445,
          0.6128550074738416,
          0.7671232876712328,
          0.7142857142857143
        ],
        "macro_f1": 0.6033199220675637,
        "confusion": [
          [
            428,
            46,
            43,
            0,
            1
          ],
          [
            151,
            35,
            45,
            4,
            0
          ],
          [
            77,
            39,
            205,
            28,
            0
          ],
          [
            2,
            5,
            27,
            140,
            5
          ],
          [
            0,
            0,
            0,
            14,
            25
          ]
        ],
        "ece": 0.07916443381797184,
        "seed": 42,
        "fold": 2
      },
      {
        "qwk": 0.7694973253807668,
        "acc": 0.6227272727272727,
        "mae": 0.4681818181818182,
        "f1_per_class": [
          0.7098001902949572,
          0.3031674208144796,
          0.5915080527086384,
          0.7575757575757576,
          0.8823529411764706
        ],
        "macro_f1": 0.6488808725140607,
        "confusion": [
          [
            373,
            91,
            35,
            4,
            0
          ],
          [
            107,
            67,
            37,
            3,
            0
          ],
          [
            65,
            67,
            202,
            50,
            0
          ],
          [
            3,
            3,
            25,
            150,
            3
          ],
          [
            0,
            0,
            0,
            5,
            30
          ]
        ],
        "ece": 0.1375489391612284,
        "seed": 42,
        "fold": 3
      },
      {
        "qwk": 0.7657257331925761,
        "acc": 0.6303030303030303,
        "mae": 0.46893939393939393,
        "f1_per_class": [
          0.7504332755632582,
          0.22043010752688172,
          0.5897079276773296,
          0.7111111111111111,
          0.85
        ],
        "macro_f1": 0.6243364843757162,