{
  "config": {
    "data_root": "~/datasets/knee-kl/KneeXrayData/ClsKLData/kneeKL224",
    "img_size": 224,
    "center_crop_ratio": 0.8,
    "num_classes": 5,
    "n_folds": 5,
    "patient_aware_split": true,
    "backbone": "convnext_tiny",
    "attention": "triplet",
    "loss_type": "cdw_ce",
    "use_imbalance": true,
    "use_oversampling": false,
    "use_class_weight": true,
    "use_contrastive": false,
    "lr_backbone": 0.0001,
    "lr_head": 0.001,
    "cdw_power": 3.0,
    "contrastive_lambda": 0.5,
    "contrastive_temp": 0.1,
    "contrastive_beta": 1.0,
    "proj_dim": 128,
    "batch_size": 128,
    "epochs": 50,
    "early_stop_patience": 10,
    "seed": 42,
    "monitor_metric": "qwk",
    "num_workers": 8,
    "output_dir": "outputs"
  },
  "result": {
    "val": {
      "qwk": {
        "mean": 0.8165752504551499,
        "std": 0.003794548106752086
      },
      "acc": {
        "mean": 0.6200712877641773,
        "std": 0.013652430504192414
      },
      "mae": {
        "mean": 0.4191470682620456,
        "std": 0.011612259511885922
      },
      "macro_f1": {
        "mean": 0.6614324714418298,
        "std": 0.016243062536155664
      },
      "ece": {
        "mean": 0.1539778612556874,
        "std": 0.06663673636444399
      },
      "f1_per_class": {
        "mean": [
          0.7359027744465475,
          0.3891367604801568,
          0.5390527337201573,
          0.7837723597801769,
          0.8592977287821114
        ],
        "std": [
          0.013715041298115078,
          0.023813844248099115,
          0.03252779672002687,
          0.03184226419303281,
          0.035070901706983106
        ]
      },
      "confusion": [
        [
          372.8,
          137.0,
          13.0,
          0.0,
          0.0
        ],
        [
          86.8,
          126.0,
          25.0,
          2.0,
          0.0
        ],
        [
          30.2,
          135.8,
          151.8,
          27.8,
          0.0
        ],
        [
          0.2,
          6.2,
          26.6,
          133.6,
          6.0
        ],
        [
          0.0,
          0.0,
          0.0,
          5.2,
          34.8
        ]
      ]
    },
    "test": {
      "qwk": {
        "mean": 0.8437662986627934,
        "std": 0.0
      },
      "acc": {
        "mean": 0.6467391304347826,
        "std": 0.0
      },
      "mae": {
        "mean": 0.3780193236714976,
        "std": 0.0
      },
      "macro_f1": {
        "mean": 0.6927475828712505,
        "std": 0.0
      },
      "ece": {
        "mean": 0.0813704718642189,
        "std": 0.0
      },
      "f1_per_class": {
        "mean": [
          0.7618283881315157,
          0.3825,
          0.5809128630705395,
          0.8538812785388128,
          0.8846153846153846
        ],
        "std": [
          0.0,
          0.0,
          0.0,
          0.0,
          0.0
        ]
      },
      "confusion": [
        [
          475.0,
          157.0,
          7.0,
          0.0,
          0.0
        ],
        [
          106.0,
          153.0,
          36.0,
          1.0,
          0.0
        ],
        [
          27.0,
          188.0,
          210.0,
          22.0,
          0.0
        ],
        [
          0.0,
          6.0,
          23.0,
          187.0,
          7.0
        ],
        [
          0.0,
          0.0,
          0.0,
          5.0,
          46.0
        ]
      ]
    },
    "val_raw": [
      {
        "qwk": 0.8198639802324706,
        "acc": 0.6293494704992436,
        "mae": 0.4009077155824508,
        "f1_per_class": [
          0.7488061127029608,
          0.41887905604719766,
          0.5480943738656987,
          0.777027027027027,
          0.8888888888888888
        ],
        "macro_f1": 0.6763390917063545,
        "confusion": [
          [
            392,
            154,
            9,
            0,
            0
          ],
          [
            74,
            142,
            23,
            1,
            0
          ],
          [
            25,
            139,
            151,
            11,
            0
          ],
          [
            1,
            3,
            42,
            115,
            4
          ],
          [
            0,
            0,
            0,
            4,
            32
          ]
        ],
        "ece": 0.06857564416397,
        "seed": 42,
        "fold": 0
      },
      {
        "qwk": 0.8155870572977945,
        "acc": 0.6354009077155824,
        "mae": 0.41376701966717094,
        "f1_per_class": [
          0.7305848513902206,
          0.375,
          0.5872193436960277,
          0.8286604361370716,
          0.9032258064516129
        ],
        "macro_f1": 0.6849380875349865,
        "confusion": [
          [
            381,
            111,
            17,
            0,
            0
          ],
          [
            114,
            114,
            39,
            2,
            0
          ],
          [
            39,
            107,
            170,
            14,
            0
          ],
          [
            0,
            7,
            23,
            133,
            3
          ],
          [
            0,
            0,
            0,
            6,
            42
          ]
        ],
        "ece": 0.2659474366912322,
        "seed": 42,
        "fold": 1
      },
      {
        "qwk": 0.8196118837334448,
        "acc": 0.6151515151515151,
        "mae": 0.41893939393939394,
        "f1_per_class": [
          0.7328556806550666,
          0.40532544378698226,
          0.5054945054945055,
          0.810958904109589,
          0.8157894736842105
        ],
        "macro_f1": 0.6540848015460707,
        "confusion": [
          [
            358,
            143,
            17,
            0,
            0
          ],
          [
            77,
            137,
            20,
            1,
            0
          ],
          [
            24,
            158,
            138,
            29,
            0
          ],
          [
            0,
            3,
            22,
            148,
            6
          ],
          [
            0,
            0,
            0,
            8,
            31
          ]
        ],
        "ece": 0.11828237473964691,
        "seed": 42,
        "fold": 2
      },
      {
        "qwk": 0.8096208240204126,
        "acc": 0.6242424242424243,
        "mae": 0.42727272727272725,
        "f1_per_class": [
          0.7526881720430108,
          0.35106382978723405,
          0.5544554455445545,
          0.7593582887700535,
          0.821917808219178
        ],
        "macro_f1": 0.6478967088728063,
        "confusion": [
          [
            385,
            105,
            13,
            0,
            0
          ],
          [
            94,
            99,
            18,
            3,
            0
          ],
          [
            41,
            135,
            168,
            40,
            0
          ],
          [
            0,
            11,
            23,
            142,
            8
          ],
          [
            0,
            0,
            0,
            5,
            30
          ]
        ],
        "ece": 0.1815171243566455,
        "seed": 42,
        "fold": 3
      },
      {
        "qwk": 0.8181925069916268,
        "acc": 0.5962121212121212,
        "mae": 0.4348484848484849,
        "f1_per_class": [
          0.7145790554414785,
          0.3954154727793696,
          0.5,
          0.7428571428571429,
          0.8666666666666667
        ],
        "macro_f1": 0.6439036675489315,