{
  "config": {
    "data_root": "~/datasets/knee-kl/KneeXrayData/ClsKLData/kneeKL224",
    "img_size": 224,
    "center_crop_ratio": 0.8,
    "num_classes": 5,
    "n_folds": 5,
    "patient_aware_split": true,
    "backbone": "convnext_tiny",
    "attention": "triplet",
    "loss_type": "cdw_ce",
    "use_imbalance": true,
    "use_oversampling": false,
    "use_class_weight": true,
    "use_contrastive": true,
    "lr_backbone": 0.0001,
    "lr_head": 0.001,
    "cdw_power": 3.0,
    "contrastive_lambda": 0.5,
    "contrastive_temp": 0.1,
    "contrastive_beta": 1.0,
    "proj_dim": 128,
    "batch_size": 128,
    "epochs": 50,
    "early_stop_patience": 10,
    "seed": 42,
    "monitor_metric": "qwk",
    "num_workers": 8,
    "output_dir": "outputs",
    "save_checkpoints": false
  },
  "result": {
    "val": {
      "qwk": {
        "mean": 0.8150789408999067,
        "std": 0.004104218319930745
      },
      "acc": {
        "mean": 0.6067505615917114,
        "std": 0.012232970626332978
      },
      "mae": {
        "mean": 0.4286803740888461,
        "std": 0.009073783286049443
      },
      "macro_f1": {
        "mean": 0.6400906499829785,
        "std": 0.00835792636626332
      },
      "ece": {
        "mean": 0.15946471461972184,
        "std": 0.01970865247235357
      },
      "f1_per_class": {
        "mean": [
          0.7308613730267426,
          0.3834754028511237,
          0.5136037906168578,
          0.7663900574476392,
          0.8061226259725289
        ],
        "std": [
          0.024670742864120902,
          0.01675714293002758,
          0.07207433908109938,
          0.02706222736721367,
          0.030939184051965343
        ]
      },
      "confusion": [
        [
          365.2,
          144.8,
          12.0,
          0.8,
          0.0
        ],
        [
          83.8,
          127.8,
          25.8,
          2.4,
          0.0
        ],
        [
          25.4,
          148.8,
          144.2,
          27.2,
          0.0
        ],
        [
          0.2,
          5.0,
          26.4,
          129.8,
          11.2
        ],
        [
          0.0,
          0.0,
          0.0,
          5.6,
          34.4
        ]
      ]
    },
    "test": {
      "qwk": {
        "mean": 0.8438570714897025,
        "std": 0.0
      },
      "acc": {
        "mean": 0.6364734299516909,
        "std": 0.0
      },
      "mae": {
        "mean": 0.38405797101449274,
        "std": 0.0
      },
      "macro_f1": {
        "mean": 0.6826412255656382,
        "std": 0.0
      },
      "ece": {
        "mean": 0.09529480080745643,
        "std": 0.0
      },
      "f1_per_class": {
        "mean": [
          0.7557377049180328,
          0.3958090803259604,
          0.5606936416184971,
          0.8438228438228438,
          0.8571428571428571
        ],
        "std": [
          0.0,
          0.0,
          0.0,
          0.0,
          0.0
        ]
      },
      "confusion": [
        [
          461.0,
          174.0,
          4.0,
          0.0,
          0.0
        ],
        [
          99.0,
          170.0,
          25.0,
          2.0,
          0.0
        ],
        [
          21.0,
          212.0,
          194.0,
          20.0,
          0.0
        ],
        [
          0.0,
          7.0,
          22.0,
          181.0,
          13.0
        ],
        [
          0.0,
          0.0,
          0.0,
          3.0,
          48.0
        ]
      ]
    },
    "val_raw": [
      {
        "qwk": 0.8150887217651133,
        "acc": 0.6187594553706506,
        "mae": 0.4205748865355522,
        "f1_per_class": [
          0.7739602169981917,
          0.41569767441860467,
          0.3945578231292517,
          0.7804878048780488,
          0.7901234567901234
        ],
        "macro_f1": 0.6309653952428441,
        "confusion": [
          [
            428,
            123,
            3,
            1,
            0
          ],
          [
            86,
            143,
            9,
            2,
            0
          ],
          [
            37,
            174,
            87,
            28,
            0
          ],
          [
            0,
            8,
            16,
            128,
            13
          ],
          [
            0,
            0,
            0,
            4,
            32
          ]
        ],
        "ece": 0.1263440324616324,
        "seed": 42,
        "fold": 0
      },
      {
        "qwk": 0.8206075656903233,
        "acc": 0.6043872919818457,
        "mae": 0.4341906202723147,
        "f1_per_class": [
          0.7134268537074149,
          0.38402457757296465,
          0.5591397849462365,
          0.7210031347962382,
          0.7966101694915254
        ],
        "macro_f1": 0.634840904102876,
        "confusion": [
          [
            356,
            135,
            17,
            1,
            0
          ],
          [
            109,
            125,
            30,
            5,
            0
          ],
          [
            24,
            119,
            156,
            31,
            0
          ],
          [
            0,
            3,
            25,
            115,
            23
          ],
          [
            0,
            0,
            0,
            1,
            47
          ]
        ],
        "ece": 0.1681166142676133,
        "seed": 42,
        "fold": 1
      },
      {
        "qwk": 0.816982923169574,
        "acc": 0.6136363636363636,
        "mae": 0.4212121212121212,
        "f1_per_class": [
          0.7031082529474812,
          0.37325038880248834,
          0.6009538950715422,
          0.8034188034188035,
          0.7619047619047619
        ],
        "macro_f1": 0.6485272204290154,
        "confusion": [
          [
            328,
            166,
            23,
            1,
            0
          ],
          [
            69,
            120,
            45,
            1,
            0
          ],
          [
            17,
            121,
            189,
            22,
            0
          ],
          [
            1,
            1,
            23,
            141,
            13
          ],
          [
            0,
            0,
            0,
            7,
            32
          ]
        ],
        "ece": 0.1484407796552687,
        "seed": 42,
        "fold": 2
      },
      {
        "qwk": 0.8080157763470797,
        "acc": 0.5840909090909091,
        "mae": 0.44393939393939397,
        "f1_per_class": [
          0.7245119305856833,
          0.37037037037037035,
          0.4750430292598967,
          0.7663043478260869,
          0.835820895522388
        ],
        "macro_f1": 0.634410114712885,
        "confusion": [
          [
            334,
            163,
            5,
            1,
            0
          ],
          [
            62,
            130,
            19,
            3,
            0
          ],
          [
            23,
            191,
            138,
            32,
            0
          ],
          [
            0,
            4,
            35,
            141,
            4
          ],
          [
            0,
            0,
            0,
            7,
            28
          ]
        ],
        "ece": 0.18028729817632472,
        "seed": 42,
        "fold": 3
      },
      {
        "qwk": 0.8146997175274435,
        "acc": 0.6128787878787879,
        "mae": 0.42348484848484846,
        "f1_per_class": [
          0.7392996108949417,
          0.3740340030911901,
          0.5383244206773619,
          0.7607361963190185,
          0.8461538461538461
        ],
        "macro_f1": 0.6517096154272717,