{
  "config": {
    "data_root": "~/datasets/knee-kl/KneeXrayData/ClsKLData/kneeKL224",
    "img_size": 224,
    "center_crop_ratio": 0.8,
    "num_classes": 5,
    "n_folds": 5,
    "patient_aware_split": true,
    "backbone": "convnext_tiny",
    "attention": "triplet",
    "loss_type": "cdw_ce",
    "use_imbalance": false,
    "use_contrastive": false,
    "lr_backbone": 0.0001,
    "lr_head": 0.001,
    "cdw_power": 3.0,
    "contrastive_lambda": 0.5,
    "contrastive_temp": 0.1,
    "contrastive_beta": 1.0,
    "proj_dim": 128,
    "batch_size": 128,
    "epochs": 50,
    "early_stop_patience": 10,
    "seed": 42,
    "monitor_metric": "qwk",
    "num_workers": 8,
    "output_dir": "outputs"
  },
  "result": {
    "val": {
      "qwk": {
        "mean": 0.820800115734906,
        "std": 0.005079287657519045
      },
      "acc": {
        "mean": 0.6337110897171412,
        "std": 0.010585265455514256
      },
      "mae": {
        "mean": 0.4062630082978041,
        "std": 0.01439196573954886
      },
      "macro_f1": {
        "mean": 0.6650097073264603,
        "std": 0.011430324869936684
      },
      "ece": {
        "mean": 0.1454095155777613,
        "std": 0.02255988822117482
      },
      "f1_per_class": {
        "mean": [
          0.7391908199608389,
          0.37170758493994793,
          0.5957360093309603,
          0.7842533092885918,
          0.8341608131119627
        ],
        "std": [
          0.015035415717446867,
          0.03460471211701026,
          0.0352061544864403,
          0.022560273903028713,
          0.03352508201686783
        ]
      },
      "confusion": [
        [
          379.8,
          129.8,
          12.8,
          0.4,
          0.0
        ],
        [
          92.2,
          110.8,
          34.2,
          2.6,
          0.0
        ],
        [
          32.0,
          108.4,
          180.4,
          24.8,
          0.0
        ],
        [
          0.0,
          4.4,
          30.2,
          134.6,
          3.4
        ],
        [
          0.0,
          0.0,
          0.2,
          8.4,
          31.4
        ]
      ]
    },
    "test": {
      "qwk": {
        "mean": 0.8495627423059231,
        "std": 0.0
      },
      "acc": {
        "mean": 0.6582125603864735,
        "std": 0.0
      },
      "mae": {
        "mean": 0.3641304347826087,
        "std": 0.0
      },
      "macro_f1": {
        "mean": 0.6922743516587249,
        "std": 0.0
      },
      "ece": {
        "mean": 0.07831228236501346,
        "std": 0.0
      },
      "f1_per_class": {
        "mean": [
          0.7708168120539255,
          0.3726541554959786,
          0.6201550387596899,
          0.8466819221967964,
          0.851063829787234
        ],
        "std": [
          0.0,
          0.0,
          0.0,
          0.0,
          0.0
        ]
      },
      "confusion": [
        [
          486.0,
          144.0,
          9.0,
          0.0,
          0.0
        ],
        [
          111.0,
          139.0,
          46.0,
          0.0,
          0.0
        ],
        [
          25.0,
          164.0,
          240.0,
          18.0,
          0.0
        ],
        [
          0.0,
          3.0,
          32.0,
          185.0,
          3.0
        ],
        [
          0.0,
          0.0,
          0.0,
          11.0,
          40.0
        ]
      ]
    },
    "val_raw": [
      {
        "qwk": 0.8215187707982344,
        "acc": 0.632375189107413,
        "mae": 0.39939485627836613,
        "f1_per_class": [
          0.7325581395348837,
          0.3937984496124031,
          0.5993031358885017,
          0.8024316109422492,
          0.84375
        ],
        "macro_f1": 0.6743682671956075,
        "confusion": [
          [
            378,
            162,
            14,
            1,
            0
          ],
          [
            78,
            127,
            33,
            2,
            0
          ],
          [
            21,
            113,
            172,
            20,
            0
          ],
          [
            0,
            3,
            29,
            132,
            1
          ],
          [
            0,
            0,
            0,
            9,
            27
          ]
        ],
        "ece": 0.14636214372790704,
        "seed": 42,
        "fold": 0
      },
      {
        "qwk": 0.8160621308570742,
        "acc": 0.6210287443267776,
        "mae": 0.43267776096822996,
        "f1_per_class": [
          0.74822695035461,
          0.30393996247654786,
          0.5269016697588126,
          0.7652173913043478,
          0.8888888888888888
        ],
        "macro_f1": 0.6466349725566414,
        "confusion": [
          [
            422,
            79,
            7,
            1,
            0
          ],
          [
            145,
            81,
            39,
            4,
            0
          ],
          [
            52,
            98,
            142,
            38,
            0
          ],
          [
            0,
            6,
            21,
            132,
            7
          ],
          [
            0,
            0,
            0,
            4,
            44
          ]
        ],
        "ece": 0.18486175829271329,
        "seed": 42,
        "fold": 1
      },
      {
        "qwk": 0.8172340027830277,
        "acc": 0.6333333333333333,
        "mae": 0.40606060606060607,
        "f1_per_class": [
          0.7156153050672182,
          0.3974151857835218,
          0.6197183098591549,
          0.8163265306122449,
          0.8055555555555556
        ],
        "macro_f1": 0.6709261773755391,
        "confusion": [
          [
            346,
            153,
            19,
            0,
            0
          ],
          [
            73,
            123,
            39,
            0,
            0
          ],
          [
            30,
            106,
            198,
            15,
            0
          ],
          [
            0,
            2,
            33,
            140,
            4
          ],
          [
            0,
            0,
            1,
            9,
            29
          ]
        ],
        "ece": 0.12031223503026098,
        "seed": 42,
        "fold": 2
      },
      {
        "qwk": 0.8189119825534235,
        "acc": 0.6287878787878788,
        "mae": 0.4037878787878788,
        "f1_per_class": [
          0.7391763463569165,
          0.3768595041322314,
          0.6194690265486725,
          0.7556818181818182,
          0.7931034482758621
        ],
        "macro_f1": 0.6568580286991001,
        "confusion": [
          [
            350,
            139,
            14,
            0,
            0
          ],
          [
            73,
            114,
            24,
            3,
            0
          ],
          [
            21,
            133,
            210,
            20,
            0
          ],
          [
            0,
            5,
            46,
            133,
            0
          ],
          [
            0,
            0,
            0,
            12,
            23
          ]
        ],
        "ece": 0.14871749891476196,
        "seed": 42,
        "fold": 3
      },
      {
        "qwk": 0.83027369168277,
        "acc": 0.6530303030303031,
        "mae": 0.3893939393939394,
        "f1_per_class": [
          0.7603773584905661,
          0.38652482269503546,
          0.6132879045996593,
          0.7816091954022989,
          0.8395061728395061
        ],
        "macro_f1": 0.6762610908054132,