{
  "config": {
    "data_root": "~/datasets/knee-kl/KneeXrayData/ClsKLData/kneeKL224",
    "img_size": 224,
    "center_crop_ratio": 0.8,
    "num_classes": 5,
    "n_folds": 5,
    "patient_aware_split": true,
    "backbone": "swin_tiny_patch4_window7_224",
    "attention": "triplet",
    "loss_type": "cdw_ce",
    "use_imbalance": true,
    "use_contrastive": true,
    "lr_backbone": 0.0001,
    "lr_head": 0.001,
    "cdw_power": 3.0,
    "contrastive_lambda": 0.5,
    "contrastive_temp": 0.1,
    "contrastive_beta": 1.0,
    "proj_dim": 128,
    "batch_size": 128,
    "epochs": 50,
    "early_stop_patience": 10,
    "seed": 42,
    "monitor_metric": "qwk",
    "num_workers": 8,
    "output_dir": "outputs"
  },
  "result": {
    "val": {
      "qwk": {
        "mean": 0.8034767604697983,
        "std": 0.008483269234809592
      },
      "acc": {
        "mean": 0.5660209508091505,
        "std": 0.01455156941718394
      },
      "mae": {
        "mean": 0.4572988584788888,
        "std": 0.014674225000009769
      },
      "macro_f1": {
        "mean": 0.6358465634895211,
        "std": 0.00881205291430718
      },
      "ece": {
        "mean": 0.17181100927964477,
        "std": 0.012426967488112308
      },
      "f1_per_class": {
        "mean": [
          0.643842446695081,
          0.4045534912896372,
          0.4970279084204067,
          0.7789024790829807,
          0.8549064919594997
        ],
        "std": [
          0.011387914938691809,
          0.017385688907561033,
          0.04625187373175006,
          0.022480977956442005,
          0.03198453205862988
        ]
      },
      "confusion": [
        [
          277.0,
          236.4,
          8.8,
          0.6,
          0.0
        ],
        [
          47.8,
          164.0,
          25.2,
          2.8,
          0.0
        ],
        [
          12.4,
          164.8,
          134.4,
          34.0,
          0.0
        ],
        [
          0.2,
          5.2,
          23.0,
          137.0,
          7.2
        ],
        [
          0.0,
          0.0,
          0.0,
          4.8,
          35.2
        ]
      ]
    },
    "test": {
      "qwk": {
        "mean": 0.8264287580473361,
        "std": 0.0
      },
      "acc": {
        "mean": 0.5972222222222222,
        "std": 0.0
      },
      "mae": {
        "mean": 0.4196859903381642,
        "std": 0.0
      },
      "macro_f1": {
        "mean": 0.6636023164517664,
        "std": 0.0
      },
      "ece": {
        "mean": 0.1125103593196558,
        "std": 0.0
      },
      "f1_per_class": {
        "mean": [
          0.6716557530402245,
          0.42655935613682094,
          0.5372262773722628,
          0.8227571115973742,
          0.8598130841121495
        ],
        "std": [
          0.0,
          0.0,
          0.0,
          0.0,
          0.0
        ]
      },
      "confusion": [
        [
          359.0,
          274.0,
          6.0,
          0.0,
          0.0
        ],
        [
          55.0,
          212.0,
          25.0,
          4.0,
          0.0
        ],
        [
          16.0,
          210.0,
          184.0,
          37.0,
          0.0
        ],
        [
          0.0,
          2.0,
          23.0,
          188.0,
          10.0
        ],
        [
          0.0,
          0.0,
          0.0,
          5.0,
          46.0
        ]
      ]
    },
    "val_raw": [
      {
        "qwk": 0.7955826399040906,
        "acc": 0.5590015128593041,
        "mae": 0.46671709531013617,
        "f1_per_class": [
          0.6368715083798883,
          0.40340218712029163,
          0.47484909456740443,
          0.7808988764044944,
          0.8493150684931506
        ],
        "macro_f1": 0.6290673469930459,
        "confusion": [
          [
            285,
            260,
            8,
            2,
            0
          ],
          [
            41,
            166,
            31,
            2,
            0
          ],
          [
            14,
            151,
            118,
            43,
            0
          ],
          [
            0,
            6,
            14,
            139,
            6
          ],
          [
            0,
            0,
            0,
            5,
            31
          ]
        ],
        "ece": 0.167476418181555,
        "seed": 42,
        "fold": 0
      },
      {
        "qwk": 0.8154145283054103,
        "acc": 0.5718608169440242,
        "mae": 0.4470499243570348,
        "f1_per_class": [
          0.6613995485327314,
          0.4294187425860024,
          0.4573804573804574,
          0.7724550898203593,
          0.86
        ],
        "macro_f1": 0.6361307676639101,
        "confusion": [
          [
            293,
            214,
            1,
            1,
            0
          ],
          [
            69,
            181,
            15,
            4,
            0
          ],
          [
            15,
            176,
            110,
            29,
            0
          ],
          [
            0,
            3,
            25,
            129,
            9
          ],
          [
            0,
            0,
            0,
            5,
            43
          ]
        ],
        "ece": 0.1558366841474568,
        "seed": 42,
        "fold": 1
      },
      {
        "qwk": 0.8117032828890708,
        "acc": 0.5916666666666667,
        "mae": 0.43333333333333335,
        "f1_per_class": [
          0.6525821596244131,
          0.4026315789473684,
          0.5838926174496645,
          0.8181818181818182,
          0.8
        ],
        "macro_f1": 0.6514576348406529,
        "confusion": [
          [
            278,
            223,
            17,
            0,
            0
          ],
          [
            46,
            153,
            33,
            3,
            0
          ],
          [
            9,
            147,
            174,
            19,
            0
          ],
          [
            1,
            2,
            23,
            144,
            9
          ],
          [
            0,
            0,
            0,
            7,
            32
          ]
        ],
        "ece": 0.1680778661912138,
        "seed": 42,
        "fold": 2
      },
      {
        "qwk": 0.7948873283664628,
        "acc": 0.5507575757575758,
        "mae": 0.46893939393939393,
        "f1_per_class": [
          0.630407911001236,
          0.3756218905472637,
          0.5041736227045075,
          0.7743732590529248,
          0.8985507246376812
        ],
        "macro_f1": 0.6366254815887227,
        "confusion": [
          [
            255,
            241,
            7,
            0,
            0
          ],
          [
            40,
            151,
            23,
            0,
            0
          ],
          [
            11,
            190,
            151,
            32,
            0
          ],
          [
            0,
            8,
            34,
            139,
            3
          ],
          [
            0,
            0,
            0,
            4,
            31
          ]
        ],
        "ece": 0.17395192770795387,
        "seed": 42,
        "fold": 3
      },
      {
        "qwk": 0.7997960228839562,
        "acc": 0.5568181818181818,
        "mae": 0.47045454545454546,
        "f1_per_class": [
          0.6379511059371362,
          0.41169305724725946,
          0.46484375,
          0.7486033519553073,
          0.8666666666666667
        ],
        "macro_f1": 0.6259515863612739,