{
  "config": {
    "data_root": "~/datasets/knee-kl/KneeXrayData/ClsKLData/kneeKL224",
    "img_size": 224,
    "center_crop_ratio": 0.8,
    "num_classes": 5,
    "n_folds": 5,
    "patient_aware_split": true,
    "backbone": "convnext_tiny",
    "attention": "triplet",
    "loss_type": "cdw_ce",
    "use_imbalance": true,
    "use_oversampling": false,
    "use_class_weight": true,
    "use_contrastive": true,
    "lr_backbone": 0.0001,
    "lr_head": 0.001,
    "cdw_power": 3.0,
    "contrastive_lambda": 0.5,
    "contrastive_temp": 0.1,
    "contrastive_beta": 2.0,
    "proj_dim": 128,
    "batch_size": 128,
    "epochs": 50,
    "early_stop_patience": 10,
    "seed": 42,
    "monitor_metric": "qwk",
    "num_workers": 8,
    "output_dir": "outputs",
    "save_checkpoints": false
  },
  "result": {
    "val": {
      "qwk": {
        "mean": 0.8183124066079637,
        "std": 0.007651729163573595
      },
      "acc": {
        "mean": 0.6220398386283409,
        "std": 0.01624792652196608
      },
      "mae": {
        "mean": 0.41702768990968686,
        "std": 0.015119311184174804
      },
      "macro_f1": {
        "mean": 0.6528693108115754,
        "std": 0.013411555265358628
      },
      "ece": {
        "mean": 0.1564756224170168,
        "std": 0.0460237059955691
      },
      "f1_per_class": {
        "mean": [
          0.7278040299223,
          0.3947665753982107,
          0.5748930761866659,
          0.7654664436260714,
          0.8014164289246294
        ],
        "std": [
          0.026092819165829763,
          0.02898055937077437,
          0.020468074408714006,
          0.024474608993750615,
          0.03629551215637912
        ]
      },
      "confusion": [
        [
          363.2,
          144.4,
          14.8,
          0.4,
          0.0
        ],
        [
          82.0,
          125.6,
          29.4,
          2.8,
          0.0
        ],
        [
          28.2,
          121.0,
          168.6,
          27.6,
          0.2
        ],
        [
          0.2,
          4.4,
          26.8,
          129.6,
          11.6
        ],
        [
          0.0,
          0.0,
          0.0,
          5.4,
          34.6
        ]
      ]
    },
    "test": {
      "qwk": {
        "mean": 0.8489783334688306,
        "std": 0.0
      },
      "acc": {
        "mean": 0.6533816425120773,
        "std": 0.0
      },
      "mae": {
        "mean": 0.37016908212560384,
        "std": 0.0
      },
      "macro_f1": {
        "mean": 0.6983785805619026,
        "std": 0.0
      },
      "ece": {
        "mean": 0.09441156679953357,
        "std": 0.0
      },
      "f1_per_class": {
        "mean": [
          0.7552,
          0.3648293963254593,
          0.6188579017264276,
          0.8662131519274376,
          0.8867924528301887
        ],
        "std": [
          0.0,
          0.0,
          0.0,
          0.0,
          0.0
        ]
      },
      "confusion": [
        [
          472.0,
          159.0,
          8.0,
          0.0,
          0.0
        ],
        [
          112.0,
          139.0,
          44.0,
          1.0,
          0.0
        ],
        [
          27.0,
          165.0,
          233.0,
          22.0,
          0.0
        ],
        [
          0.0,
          3.0,
          21.0,
          191.0,
          8.0
        ],
        [
          0.0,
          0.0,
          0.0,
          4.0,
          47.0
        ]
      ]
    },
    "val_raw": [
      {
        "qwk": 0.8228591782482289,
        "acc": 0.6459909228441755,
        "mae": 0.3956127080181543,
        "f1_per_class": [
          0.7566037735849057,
          0.43312101910828027,
          0.5693160813308688,
          0.7787610619469026,
          0.8157894736842105
        ],
        "macro_f1": 0.6707182819310336,
        "confusion": [
          [
            401,
            140,
            13,
            1,
            0
          ],
          [
            72,
            136,
            28,
            4,
            0
          ],
          [
            32,
            108,
            154,
            32,
            0
          ],
          [
            0,
            4,
            20,
            132,
            9
          ],
          [
            0,
            0,
            0,
            5,
            31
          ]
        ],
        "ece": 0.11171842054231448,
        "seed": 42,
        "fold": 0
      },
      {
        "qwk": 0.8225441766152999,
        "acc": 0.6225416036308623,
        "mae": 0.4130105900151286,
        "f1_per_class": [
          0.725050916496945,
          0.4235294117647059,
          0.5652951699463328,
          0.7607361963190185,
          0.845360824742268
        ],
        "macro_f1": 0.6639945038538541,
        "confusion": [
          [
            356,
            140,
            12,
            1,
            0
          ],
          [
            92,
            144,
            30,
            3,
            0
          ],
          [
            25,
            122,
            158,
            25,
            0
          ],
          [
            0,
            5,
            29,
            124,
            8
          ],
          [
            0,
            0,
            0,
            7,
            41
          ]
        ],
        "ece": 0.1545783457615372,
        "seed": 42,
        "fold": 1
      },
      {
        "qwk": 0.8229676854461379,
        "acc": 0.6318181818181818,
        "mae": 0.4083333333333333,
        "f1_per_class": [
          0.7586206896551724,
          0.38562091503267976,
          0.5448028673835126,
          0.7988338192419825,
          0.7469879518072289
        ],
        "macro_f1": 0.6469732486241152,
        "confusion": [
          [
            396,
            109,
            13,
            0,
            0
          ],
          [
            96,
            118,
            20,
            1,
            0
          ],
          [
            33,
            146,
            152,
            18,
            0
          ],
          [
            1,
            4,
            24,
            137,
            13
          ],
          [
            0,
            0,
            0,
            8,
            31
          ]
        ],
        "ece": 0.15044123182694116,
        "seed": 42,
        "fold": 2
      },
      {
        "qwk": 0.8031616835044378,
        "acc": 0.6106060606060606,
        "mae": 0.43636363636363634,
        "f1_per_class": [
          0.7,
          0.357504215851602,
          0.6020864381520119,
          0.7645429362880887,
          0.8266666666666667
        ],
        "macro_f1": 0.6501600513916739,
        "confusion": [
          [
            329,
            152,
            22,
            0,
            0
          ],
          [
            75,
            106,
            29,
            4,
            0
          ],
          [
            33,
            118,
            202,
            31,
            0
          ],
          [
            0,
            3,
            34,
            138,
            9
          ],
          [
            0,
            0,
            0,
            4,
            31
          ]
        ],
        "ece": 0.2426516057415442,
        "seed": 42,
        "fold": 3
      },
      {
        "qwk": 0.8200293092257145,
        "acc": 0.5992424242424242,
        "mae": 0.4318181818181818,
        "f1_per_class": [
          0.698744769874477,
          0.3740573152337858,
          0.592964824120603,
          0.7244582043343654,
          0.7722772277227723
        ],
        "macro_f1": 0.6325004682572007,