{
  "config": {
    "data_root": "~/datasets/knee-kl/KneeXrayData/ClsKLData/kneeKL224",
    "img_size": 224,
    "center_crop_ratio": 0.8,
    "num_classes": 5,
    "n_folds": 5,
    "patient_aware_split": true,
    "backbone": "densenet121",
    "attention": "triplet",
    "loss_type": "cdw_ce",
    "use_imbalance": true,
    "use_contrastive": true,
    "lr_backbone": 0.0001,
    "lr_head": 0.001,
    "cdw_power": 3.0,
    "contrastive_lambda": 0.5,
    "contrastive_temp": 0.1,
    "contrastive_beta": 1.0,
    "proj_dim": 128,
    "batch_size": 128,
    "epochs": 50,
    "early_stop_patience": 10,
    "seed": 42,
    "monitor_metric": "qwk",
    "num_workers": 8,
    "output_dir": "outputs"
  },
  "result": {
    "val": {
      "qwk": {
        "mean": 0.6960200862799016,
        "std": 0.0068080752118032635
      },
      "acc": {
        "mean": 0.3897574840691331,
        "std": 0.01275837356295112
      },
      "mae": {
        "mean": 0.6318942832255994,
        "std": 0.010208251842409631
      },
      "macro_f1": {
        "mean": 0.49191713462663966,
        "std": 0.010593387581553341
      },
      "ece": {
        "mean": 0.44124908598490586,
        "std": 0.012403423295338854
      },
      "f1_per_class": {
        "mean": [
          0.0,
          0.365147767131799,
          0.49980916838302586,
          0.7562556511151405,
          0.8383730865032331
        ],
        "std": [
          0.0,
          0.01724346667519853,
          0.05981852135863739,
          0.006005361996785172,
          0.03538909112112104
        ]
      },
      "confusion": [
        [
          0.0,
          504.6,
          17.0,
          1.2,
          0.0
        ],
        [
          0.0,
          205.4,
          30.6,
          3.8,
          0.0
        ],
        [
          0.0,
          168.0,
          141.4,
          36.0,
          0.2
        ],
        [
          0.0,
          5.0,
          26.0,
          132.4,
          9.2
        ],
        [
          0.0,
          0.0,
          0.2,
          4.2,
          35.6
        ]
      ]
    },
    "test": {
      "qwk": {
        "mean": 0.7163198341259525,
        "std": 0.0
      },
      "acc": {
        "mean": 0.41304347826086957,
        "std": 0.0
      },
      "mae": {
        "mean": 0.6008454106280193,
        "std": 0.0
      },
      "macro_f1": {
        "mean": 0.5218950825342707,
        "std": 0.0
      },
      "ece": {
        "mean": 0.38669809490298307,
        "std": 0.0
      },
      "f1_per_class": {
        "mean": [
          0.0,
          0.35600578871201155,
          0.5675675675675675,
          0.8179775280898877,
          0.8679245283018868
        ],
        "std": [
          0.0,
          0.0,
          0.0,
          0.0,
          0.0
        ]
      },
      "confusion": [
        [
          0.0,
          627.0,
          12.0,
          0.0,
          0.0
        ],
        [
          0.0,
          246.0,
          46.0,
          4.0,
          0.0
        ],
        [
          0.0,
          206.0,
          210.0,
          31.0,
          0.0
        ],
        [
          0.0,
          7.0,
          25.0,
          182.0,
          9.0
        ],
        [
          0.0,
          0.0,
          0.0,
          5.0,
          46.0
        ]
      ]
    },
    "val_raw": [
      {
        "qwk": 0.6936134454619174,
        "acc": 0.4009077155824508,
        "mae": 0.632375189107413,
        "f1_per_class": [
          0.0,
          0.36059479553903345,
          0.5894378194207837,
          0.7529411764705882,
          0.813953488372093
        ],
        "macro_f1": 0.5033854559604997,
        "confusion": [
          [
            0,
            523,
            29,
            3,
            0
          ],
          [
            0,
            194,
            40,
            6,
            0
          ],
          [
            0,
            116,
            173,
            37,
            0
          ],
          [
            0,
            3,
            19,
            128,
            15
          ],
          [
            0,
            0,
            0,
            1,
            35
          ]
        ],
        "ece": 0.43962262135771146,
        "seed": 42,
        "fold": 0
      },
      {
        "qwk": 0.7095682543936959,
        "acc": 0.39939485627836613,
        "mae": 0.6164901664145235,
        "f1_per_class": [
          0.0,
          0.3949152542372881,
          0.4826254826254826,
          0.7551622418879056,
          0.8571428571428571
        ],
        "macro_f1": 0.49796916717870665,
        "confusion": [
          [
            0,
            501,
            7,
            1,
            0
          ],
          [
            0,
            233,
            31,
            5,
            0
          ],
          [
            0,
            171,
            125,
            33,
            1
          ],
          [
            0,
            6,
            25,
            128,
            7
          ],
          [
            0,
            0,
            0,
            6,
            42
          ]
        ],
        "ece": 0.44661294505473526,
        "seed": 42,
        "fold": 1
      },
      {
        "qwk": 0.6927945089025677,
        "acc": 0.3795454545454545,
        "mae": 0.6371212121212121,
        "f1_per_class": [
          0.0,
          0.3642671292281006,
          0.46886446886446886,
          0.7678571428571429,
          0.7816091954022989
        ],
        "macro_f1": 0.4765195872704022,
        "confusion": [
          [
            0,
            504,
            13,
            1,
            0
          ],
          [
            0,
            210,
            23,
            2,
            0
          ],
          [
            0,
            200,
            128,
            21,
            0
          ],
          [
            0,
            4,
            32,
            129,
            14
          ],
          [
            0,
            0,
            1,
            4,
            34
          ]
        ],
        "ece": 0.44608172634334275,
        "seed": 42,
        "fold": 2
      },
      {
        "qwk": 0.6914836736799648,
        "acc": 0.39924242424242423,
        "mae": 0.6265151515151515,
        "f1_per_class": [
          0.0,
          0.34108527131782945,
          0.5412844036697247,
          0.7546174142480211,
          0.8611111111111112
        ],
        "macro_f1": 0.4996196400693373,
        "confusion": [
          [
            0,
            476,
            26,
            1,
            0
          ],
          [
            0,
            176,
            36,
            2,
            0
          ],
          [
            0,
            162,
            177,
            45,
            0
          ],
          [
            0,
            4,
            31,
            143,
            6
          ],
          [
            0,
            0,
            0,
            4,
            31
          ]
        ],
        "ece": 0.41855576862439964,
        "seed": 42,
        "fold": 3
      },
      {
        "qwk": 0.6926405489613627,
        "acc": 0.3696969696969697,
        "mae": 0.646969696969697,
        "f1_per_class": [
          0.0,
          0.3648763853367434,
          0.4168336673346693,
          0.7507002801120448,
          0.8780487804878049
        ],
        "macro_f1": 0.4820918226542525,