{
  "config": {
    "data_root": "~/datasets/knee-kl/KneeXrayData/ClsKLData/kneeKL224",
    "img_size": 224,
    "center_crop_ratio": 0.8,
    "num_classes": 5,
    "n_folds": 5,
    "patient_aware_split": true,
    "backbone": "convnext_tiny",
    "attention": "triplet",
    "loss_type": "cdw_ce",
    "use_imbalance": true,
    "use_oversampling": false,
    "use_class_weight": true,
    "use_contrastive": true,
    "lr_backbone": 0.0001,
    "lr_head": 0.001,
    "cdw_power": 6.0,
    "contrastive_lambda": 0.5,
    "contrastive_temp": 0.1,
    "contrastive_beta": 1.0,
    "proj_dim": 128,
    "batch_size": 128,
    "epochs": 50,
    "early_stop_patience": 10,
    "seed": 42,
    "monitor_metric": "qwk",
    "num_workers": 8,
    "output_dir": "outputs",
    "save_checkpoints": false
  },
  "result": {
    "val": {
      "qwk": {
        "mean": 0.545883038151677,
        "std": 0.23967839820556702
      },
      "acc": {
        "mean": 0.33150048136432403,
        "std": 0.06478887738572686
      },
      "mae": {
        "mean": 0.7158662265621418,
        "std": 0.13010710838765582
      },
      "macro_f1": {
        "mean": 0.26571558327137706,
        "std": 0.0972995870479531
      },
      "ece": {
        "mean": 0.5875149180220836,
        "std": 0.08606095105112041
      },
      "f1_per_class": {
        "mean": [
          0.0,
          0.35293586154196016,
          0.40309880793280567,
          0.5725432468821197,
          0.0
        ],
        "std": [
          0.0,
          0.017755964046253854,
          0.19346150041134744,
          0.28803635579698483,
          0.0
        ]
      },
      "confusion": [
        [
          0.0,
          512.4,
          9.4,
          1.0,
          0.0
        ],
        [
          0.0,
          214.0,
          24.2,
          1.6,
          0.0
        ],
        [
          0.0,
          206.8,
          113.2,
          25.6,
          0.0
        ],
        [
          0.0,
          33.6,
          28.4,
          110.6,
          0.0
        ],
        [
          0.0,
          6.4,
          3.2,
          30.4,
          0.0
        ]
      ]
    },
    "test": {
      "qwk": {
        "mean": 0.6796155845607559,
        "std": 0.0
      },
      "acc": {
        "mean": 0.3713768115942029,
        "std": 0.0
      },
      "mae": {
        "mean": 0.6364734299516909,
        "std": 0.0
      },
      "macro_f1": {
        "mean": 0.3211283331109177,
        "std": 0.0
      },
      "ece": {
        "mean": 0.4743084691392915,
        "std": 0.0
      },
      "f1_per_class": {
        "mean": [
          0.0,
          0.36662106703146374,
          0.47289156626506024,
          0.7661290322580645,
          0.0
        ],
        "std": [
          0.0,
          0.0,
          0.0,
          0.0,
          0.0
        ]
      },
      "confusion": [
        [
          0.0,
          633.0,
          6.0,
          0.0,
          0.0
        ],
        [
          0.0,
          268.0,
          26.0,
          2.0,
          0.0
        ],
        [
          0.0,
          260.0,
          157.0,
          30.0,
          0.0
        ],
        [
          0.0,
          5.0,
          28.0,
          190.0,
          0.0
        ],
        [
          0.0,
          0.0,
          0.0,
          51.0,
          0.0
        ]
      ]
    },
    "val_raw": [
      {
        "qwk": 0.6496415692748838,
        "acc": 0.34493192133131617,
        "mae": 0.6664145234493192,
        "f1_per_class": [
          0.0,
          0.3526361279170268,
          0.49640287769784175,
          0.6705882352941176,
          0.0
        ],
        "macro_f1": 0.30392544818179723,
        "confusion": [
          [
            0,
            545,
            8,
            2,
            0
          ],
          [
            0,
            204,
            35,
            1,
            0
          ],
          [
            0,
            166,
            138,
            22,
            0
          ],
          [
            0,
            2,
            49,
            114,
            0
          ],
          [
            0,
            0,
            0,
            36,
            0
          ]
        ],
        "ece": 0.5647141180492926,
        "seed": 42,
        "fold": 0
      },
      {
        "qwk": 0.06693805317948409,
        "acc": 0.20347957639939485,
        "mae": 0.9750378214826021,
        "f1_per_class": [
          0.0,
          0.3425627817128139,
          0.016304347826086956,
          0.0,
          0.0
        ],
        "macro_f1": 0.07177342590778017,
        "confusion": [
          [
            0,
            506,
            3,
            0,
            0
          ],
          [
            0,
            266,
            3,
            0,
            0
          ],
          [
            0,
            327,
            3,
            0,
            0
          ],
          [
            0,
            153,
            13,
            0,
            0
          ],
          [
            0,
            32,
            16,
            0,
            0
          ]
        ],
        "ece": 0.7581694283030939,
        "seed": 42,
        "fold": 1
      },
      {
        "qwk": 0.6774237495955451,
        "acc": 0.37424242424242427,
        "mae": 0.634090909090909,
        "f1_per_class": [
          0.0,
          0.3681506849315068,
          0.49242424242424243,
          0.7700258397932817,
          0.0
        ],
        "macro_f1": 0.32612015342980616,
        "confusion": [
          [
            0,
            513,
            4,
            1,
            0
          ],
          [
            0,
            215,
            19,
            1,
            0
          ],
          [
            0,
            201,
            130,
            18,
            0
          ],
          [
            0,
            4,
            26,
            149,
            0
          ],
          [
            0,
            0,
            0,
            39,
            0
          ]
        ],
        "ece": 0.5463598847389222,
        "seed": 42,
        "fold": 2
      },
      {
        "qwk": 0.6609992426023139,
        "acc": 0.36515151515151517,
        "mae": 0.6606060606060606,
        "f1_per_class": [
          0.0,
          0.3258971871968962,
          0.5047021943573667,
          0.7066974595842956,
          0.0
        ],
        "macro_f1": 0.3074593682277117,
        "confusion": [
          [
            0,
            478,
            23,
            2,
            0
          ],
          [
            0,
            168,
            41,
            5,
            0
          ],
          [
            0,
            169,
            161,
            54,
            0
          ],
          [
            0,
            2,
            29,
            153,
            0
          ],
          [
            0,
            0,
            0,
            35,
            0
          ]
        ],
        "ece": 0.5328318785537373,
        "seed": 42,
        "fold": 3
      },
      {
        "qwk": 0.6744125761061581,
        "acc": 0.3696969696969697,
        "mae": 0.6431818181818182,
        "f1_per_class": [
          0.0,
          0.3754325259515571,
          0.5056603773584906,
          0.7154046997389034,
          0.0
        ],
        "macro_f1": 0.3192995206097902,
        "confusion": [
          [
            0,
            520,
            9,
            0,
            0
          ],
          [
            0,
            217,
            23,
            1,
            0
          ],
          [
            0,
            171,
            134,
            34,
            0
          ],
          [
            0,
            7,
            25,
            137,
            0
          ],
          [
            0,
            0,
            0,
            42,
            0
          ]
        ],