{
  "config": {
    "data_root": "~/datasets/knee-kl/KneeXrayData/ClsKLData/kneeKL224",
    "img_size": 224,
    "center_crop_ratio": 0.8,
    "num_classes": 5,
    "n_folds": 5,
    "patient_aware_split": true,
    "backbone": "convnext_tiny",
    "attention": "triplet",
    "loss_type": "cdw_ce",
    "use_imbalance": true,
    "use_oversampling": false,
    "use_class_weight": true,
    "use_contrastive": true,
    "lr_backbone": 0.0001,
    "lr_head": 0.001,
    "cdw_power": 3.0,
    "contrastive_lambda": 0.5,
    "contrastive_temp": 0.1,
    "contrastive_beta": 1.0,
    "proj_dim": 128,
    "batch_size": 128,
    "epochs": 50,
    "early_stop_patience": 10,
    "seed": 42,
    "monitor_metric": "qwk",
    "num_workers": 8,
    "output_dir": "outputs",
    "save_checkpoints": false
  },
  "result": {
    "val": {
      "qwk": {
        "mean": 0.8146198561553172,
        "std": 0.004466862656389032
      },
      "acc": {
        "mean": 0.6187087975060743,
        "std": 0.017624792624051835
      },
      "mae": {
        "mean": 0.42141750332370603,
        "std": 0.016389400998505346
      },
      "macro_f1": {
        "mean": 0.6618795427609923,
        "std": 0.01747758492915362
      },
      "ece": {
        "mean": 0.21283434332625545,
        "std": 0.051524231652135995
      },
      "f1_per_class": {
        "mean": [
          0.7360908002059817,
          0.3790041720695415,
          0.5396501082298089,
          0.7828256085791777,
          0.8718270247204524
        ],
        "std": [
          0.012142407265643229,
          0.01888196706173422,
          0.06651160295189759,
          0.016042393194818094,
          0.019004054227640774
        ]
      },
      "confusion": [
        [
          374.4,
          135.4,
          12.2,
          0.8,
          0.0
        ],
        [
          88.8,
          120.4,
          28.4,
          2.2,
          0.0
        ],
        [
          31.0,
          134.2,
          154.8,
          25.6,
          0.0
        ],
        [
          0.0,
          6.0,
          28.8,
          132.8,
          5.0
        ],
        [
          0.0,
          0.0,
          0.0,
          5.2,
          34.8
        ]
      ]
    },
    "test": {
      "qwk": {
        "mean": 0.8485571195818282,
        "std": 0.0
      },
      "acc": {
        "mean": 0.6612318840579711,
        "std": 0.0
      },
      "mae": {
        "mean": 0.3635265700483092,
        "std": 0.0
      },
      "macro_f1": {
        "mean": 0.7003576624220744,
        "std": 0.0
      },
      "ece": {
        "mean": 0.09905507275159804,
        "std": 0.0
      },
      "f1_per_class": {
        "mean": [
          0.7697211155378486,
          0.4,
          0.6090534979423868,
          0.863013698630137,
          0.86
        ],
        "std": [
          0.0,
          0.0,
          0.0,
          0.0,
          0.0
        ]
      },
      "confusion": [
        [
          483.0,
          149.0,
          7.0,
          0.0,
          0.0
        ],
        [
          106.0,
          158.0,
          32.0,
          0.0,
          0.0
        ],
        [
          27.0,
          180.0,
          222.0,
          18.0,
          0.0
        ],
        [
          0.0,
          7.0,
          21.0,
          189.0,
          6.0
        ],
        [
          0.0,
          0.0,
          0.0,
          8.0,
          43.0
        ]
      ]
    },
    "val_raw": [
      {
        "qwk": 0.8189007284507407,
        "acc": 0.6354009077155824,
        "mae": 0.4016641452344932,
        "f1_per_class": [
          0.7350928641251222,
          0.4140127388535032,
          0.5888324873096447,
          0.7761194029850746,
          0.8955223880597015
        ],
        "macro_f1": 0.6819159762666092,
        "confusion": [
          [
            376,
            161,
            17,
            1,
            0
          ],
          [
            66,
            130,
            41,
            3,
            0
          ],
          [
            26,
            96,
            174,
            30,
            0
          ],
          [
            0,
            1,
            33,
            130,
            1
          ],
          [
            0,
            0,
            0,
            6,
            30
          ]
        ],
        "ece": 0.26562240318523417,
        "seed": 42,
        "fold": 0
      },
      {
        "qwk": 0.8145676676607712,
        "acc": 0.6255673222390318,
        "mae": 0.4205748865355522,
        "f1_per_class": [
          0.7164179104477612,
          0.38338658146964855,
          0.5925925925925926,
          0.79375,
          0.8888888888888888
        ],
        "macro_f1": 0.6750071946797782,
        "confusion": [
          [
            360,
            131,
            17,
            1,
            0
          ],
          [
            102,
            120,
            45,
            2,
            0
          ],
          [
            34,
            100,
            176,
            20,
            0
          ],
          [
            0,
            6,
            26,
            127,
            7
          ],
          [
            0,
            0,
            0,
            4,
            44
          ]
        ],
        "ece": 0.2669601230776436,
        "seed": 42,
        "fold": 1
      },
      {
        "qwk": 0.8176302515079897,
        "acc": 0.6348484848484849,
        "mae": 0.4090909090909091,
        "f1_per_class": [
          0.7368421052631579,
          0.36923076923076925,
          0.5953947368421053,
          0.8057971014492754,
          0.8421052631578947
        ],
        "macro_f1": 0.6698739951886405,
        "confusion": [
          [
            378,
            123,
            16,
            1,
            0
          ],
          [
            95,
            108,
            32,
            0,
            0
          ],
          [
            35,
            114,
            181,
            19,
            0
          ],
          [
            0,
            5,
            30,
            139,
            5
          ],
          [
            0,
            0,
            0,
            7,
            32
          ]
        ],
        "ece": 0.22712277070139392,
        "seed": 42,
        "fold": 2
      },
      {
        "qwk": 0.8061955738678732,
        "acc": 0.5893939393939394,
        "mae": 0.4492424242424242,
        "f1_per_class": [
          0.737384140061792,
          0.36283185840707965,
          0.4349442379182156,
          0.7798408488063661,
          0.868421052631579
        ],
        "macro_f1": 0.6366844275650065,
        "confusion": [
          [
            358,
            139,
            5,
            1,
            0
          ],
          [
            77,
            123,
            10,
            4,
            0
          ],
          [
            33,
            195,
            117,
            39,
            0
          ],
          [
            0,
            7,
            22,
            147,
            8
          ],
          [
            0,
            0,
            0,
            2,
            33
          ]
        ],
        "ece": 0.15018393907583122,
        "seed": 42,
        "fold": 3
      },
      {
        "qwk": 0.8158050592892112,
        "acc": 0.6083333333333333,
        "mae": 0.4265151515151515,
        "f1_per_class": [
          0.7547169811320755,
          0.36555891238670696,
          0.4864864864864865,
          0.7586206896551724,
          0.8641975308641975
        ],
        "macro_f1": 0.6459161201049277,