{
  "config": {
    "data_root": "~/datasets/knee-kl/KneeXrayData/ClsKLData/kneeKL224",
    "img_size": 224,
    "center_crop_ratio": 0.8,
    "num_classes": 5,
    "n_folds": 5,
    "patient_aware_split": true,
    "backbone": "convnext_tiny",
    "attention": "triplet",
    "loss_type": "cdw_ce",
    "use_imbalance": true,
    "use_oversampling": false,
    "use_class_weight": true,
    "use_contrastive": true,
    "lr_backbone": 0.0001,
    "lr_head": 0.001,
    "cdw_power": 3.0,
    "contrastive_lambda": 0.1,
    "contrastive_temp": 0.1,
    "contrastive_beta": 1.0,
    "proj_dim": 128,
    "batch_size": 128,
    "epochs": 50,
    "early_stop_patience": 10,
    "seed": 42,
    "monitor_metric": "qwk",
    "num_workers": 8,
    "output_dir": "outputs",
    "save_checkpoints": false
  },
  "result": {
    "val": {
      "qwk": {
        "mean": 0.8195616375557433,
        "std": 0.00832853367226759
      },
      "acc": {
        "mean": 0.6168963462155596,
        "std": 0.02228314066911147
      },
      "mae": {
        "mean": 0.41763008297804066,
        "std": 0.017314411071464645
      },
      "macro_f1": {
        "mean": 0.6547588026710178,
        "std": 0.014846609757252155
      },
      "ece": {
        "mean": 0.1736049982550364,
        "std": 0.01743426859978925
      },
      "f1_per_class": {
        "mean": [
          0.736082106838699,
          0.3812103952281481,
          0.5349754592096323,
          0.7816862075999212,
          0.8398398444786889
        ],
        "std": [
          0.033413138334668815,
          0.023451543898944594,
          0.0553983163409842,
          0.018509878818667006,
          0.03683570134163319
        ]
      },
      "confusion": [
        [
          373.6,
          136.2,
          12.8,
          0.2,
          0.0
        ],
        [
          89.4,
          123.8,
          24.6,
          2.0,
          0.0
        ],
        [
          25.6,
          144.2,
          152.2,
          23.6,
          0.0
        ],
        [
          0.0,
          4.8,
          29.6,
          130.6,
          7.6
        ],
        [
          0.0,
          0.0,
          0.0,
          5.4,
          34.6
        ]
      ]
    },
    "test": {
      "qwk": {
        "mean": 0.8510618480626527,
        "std": 0.0
      },
      "acc": {
        "mean": 0.6618357487922706,
        "std": 0.0
      },
      "mae": {
        "mean": 0.3611111111111111,
        "std": 0.0
      },
      "macro_f1": {
        "mean": 0.702648447131645,
        "std": 0.0
      },
      "ece": {
        "mean": 0.08389345061591859,
        "std": 0.0
      },
      "f1_per_class": {
        "mean": [
          0.78060413354531,
          0.41089108910891087,
          0.5850914205344585,
          0.8604651162790697,
          0.8761904761904762
        ],
        "std": [
          0.0,
          0.0,
          0.0,
          0.0,
          0.0
        ]
      },
      "confusion": [
        [
          491.0,
          144.0,
          4.0,
          0.0,
          0.0
        ],
        [
          101.0,
          166.0,
          28.0,
          1.0,
          0.0
        ],
        [
          27.0,
          196.0,
          208.0,
          16.0,
          0.0
        ],
        [
          0.0,
          6.0,
          24.0,
          185.0,
          8.0
        ],
        [
          0.0,
          0.0,
          0.0,
          5.0,
          46.0
        ]
      ]
    },
    "val_raw": [
      {
        "qwk": 0.8216053225054324,
        "acc": 0.6217851739788199,
        "mae": 0.41376701966717094,
        "f1_per_class": [
          0.781387181738367,
          0.36334913112164297,
          0.43037974683544306,
          0.7924528301886793,
          0.85
        ],
        "macro_f1": 0.6435137779768264,
        "confusion": [
          [
            445,
            103,
            6,
            1,
            0
          ],
          [
            107,
            115,
            17,
            1,
            0
          ],
          [
            32,
            169,
            102,
            23,
            0
          ],
          [
            0,
            6,
            23,
            126,
            10
          ],
          [
            0,
            0,
            0,
            2,
            34
          ]
        ],
        "ece": 0.1489665593258732,
        "seed": 42,
        "fold": 0
      },
      {
        "qwk": 0.8287383656897378,
        "acc": 0.6202723146747352,
        "mae": 0.4069591527987897,
        "f1_per_class": [
          0.7159209157127991,
          0.4173669467787115,
          0.572972972972973,
          0.7911392405063291,
          0.8775510204081632
        ],
        "macro_f1": 0.6749902192757952,
        "confusion": [
          [
            344,
            154,
            11,
            0,
            0
          ],
          [
            91,
            149,
            26,
            3,
            0
          ],
          [
            17,
            137,
            159,
            17,
            0
          ],
          [
            0,
            5,
            29,
            125,
            7
          ],
          [
            0,
            0,
            0,
            5,
            43
          ]
        ],
        "ece": 0.15603021222325933,
        "seed": 42,
        "fold": 1
      },
      {
        "qwk": 0.8180211469497221,
        "acc": 0.6257575757575757,
        "mae": 0.4121212121212121,
        "f1_per_class": [
          0.7295081967213115,
          0.3968503937007874,
          0.580327868852459,
          0.8035190615835777,
          0.7692307692307693
        ],
        "macro_f1": 0.6558872580177809,
        "confusion": [
          [
            356,
            138,
            24,
            0,
            0
          ],
          [
            79,
            126,
            29,
            1,
            0
          ],
          [
            23,
            134,
            177,
            15,
            0
          ],
          [
            0,
            2,
            31,
            137,
            9
          ],
          [
            0,
            0,
            0,
            9,
            30
          ]
        ],
        "ece": 0.18681796608549173,
        "seed": 42,
        "fold": 2
      },
      {
        "qwk": 0.8044940222032451,
        "acc": 0.575,
        "mae": 0.45151515151515154,
        "f1_per_class": [
          0.6886688668866887,
          0.351931330472103,
          0.5271828665568369,
          0.7520891364902507,
          0.8484848484848485
        ],
        "macro_f1": 0.6336714097781456,
        "confusion": [
          [
            313,
            184,
            6,
            0,
            0
          ],
          [
            72,
            123,
            17,
            2,
            0
          ],
          [
            21,
            172,
            160,
            31,
            0
          ],
          [
            0,
            6,
            40,
            135,
            3
          ],
          [
            0,
            0,
            0,
            7,
            28
          ]
        ],
        "ece": 0.19019711814594992,
        "seed": 42,
        "fold": 3
      },
      {
        "qwk": 0.8249493304305797,
        "acc": 0.6416666666666667,
        "mae": 0.4037878787878788,
        "f1_per_class": [
          0.7649253731343284,
          0.3765541740674956,
          0.5640138408304498,
          0.7692307692307693,
          0.8539325842696629
        ],
        "macro_f1": 0.6657313483065412,