{
  "config": {
    "data_root": "~/datasets/knee-kl/KneeXrayData/ClsKLData/kneeKL224",
    "img_size": 224,
    "center_crop_ratio": 0.8,
    "num_classes": 5,
    "n_folds": 5,
    "patient_aware_split": true,
    "backbone": "efficientnet_b0",
    "attention": "none",
    "loss_type": "ce",
    "use_imbalance": false,
    "use_oversampling": true,
    "use_class_weight": true,
    "use_contrastive": false,
    "lr_backbone": 0.0001,
    "lr_head": 0.001,
    "cdw_power": 3.0,
    "contrastive_lambda": 0.5,
    "contrastive_temp": 0.1,
    "contrastive_beta": 1.0,
    "proj_dim": 128,
    "batch_size": 128,
    "epochs": 50,
    "early_stop_patience": 10,
    "seed": 42,
    "monitor_metric": "qwk",
    "num_workers": 8,
    "output_dir": "outputs"
  },
  "result": {
    "val": {
      "qwk": {
        "mean": 0.7611271838080517,
        "std": 0.008278342645020349
      },
      "acc": {
        "mean": 0.6076681336817494,
        "std": 0.019038127795824207
      },
      "mae": {
        "mean": 0.48182505845138224,
        "std": 0.010478671519909152
      },
      "macro_f1": {
        "mean": 0.6217051817482999,
        "std": 0.007291557981044597
      },
      "ece": {
        "mean": 0.1367924886666266,
        "std": 0.05020681338359243
      },
      "f1_per_class": {
        "mean": [
          0.7053737541496882,
          0.29177797733435673,
          0.5828354425134932,
          0.742312232403116,
          0.7862265023408458
        ],
        "std": [
          0.022237323574034684,
          0.0337882509971751,
          0.009388508071617284,
          0.008996232538712642,
          0.019458816896474326
        ]
      },
      "confusion": [
        [
          382.4,
          98.0,
          40.6,
          1.8,
          0.0
        ],
        [
          115.6,
          71.4,
          48.6,
          4.2,
          0.0
        ],
        [
          59.8,
          66.6,
          192.2,
          27.0,
          0.0
        ],
        [
          1.6,
          6.8,
          32.2,
          128.2,
          3.8
        ],
        [
          0.0,
          0.0,
          0.0,
          11.6,
          28.4
        ]
      ]
    },
    "test": {
      "qwk": {
        "mean": 0.7956867092096077,
        "std": 0.0
      },
      "acc": {
        "mean": 0.6497584541062802,
        "std": 0.0
      },
      "mae": {
        "mean": 0.4281400966183575,
        "std": 0.0
      },
      "macro_f1": {
        "mean": 0.6542629907686524,
        "std": 0.0
      },
      "ece": {
        "mean": 0.055444359419426485,
        "std": 0.0
      },
      "f1_per_class": {
        "mean": [
          0.7566787003610108,
          0.26542056074766357,
          0.616822429906542,
          0.8063063063063063,
          0.8260869565217391
        ],
        "std": [
          0.0,
          0.0,
          0.0,
          0.0,
          0.0
        ]
      },
      "confusion": [
        [
          524.0,
          77.0,
          38.0,
          0.0,
          0.0
        ],
        [
          145.0,
          71.0,
          72.0,
          8.0,
          0.0
        ],
        [
          77.0,
          85.0,
          264.0,
          21.0,
          0.0
        ],
        [
          0.0,
          6.0,
          35.0,
          179.0,
          3.0
        ],
        [
          0.0,
          0.0,
          0.0,
          13.0,
          38.0
        ]
      ]
    },
    "val_raw": [
      {
        "qwk": 0.7503313222896684,
        "acc": 0.6157337367624811,
        "mae": 0.48411497730711045,
        "f1_per_class": [
          0.7136485280999108,
          0.3360655737704918,
          0.5709677419354838,
          0.735632183908046,
          0.8059701492537313
        ],
        "macro_f1": 0.6324568353935327,
        "confusion": [
          [
            400,
            106,
            45,
            4,
            0
          ],
          [
            103,
            82,
            47,
            8,
            0
          ],
          [
            60,
            55,
            177,
            34,
            0
          ],
          [
            3,
            5,
            25,
            128,
            4
          ],
          [
            0,
            0,
            0,
            9,
            27
          ]
        ],
        "ece": 0.20437692987215506,
        "seed": 42,
        "fold": 0
      },
      {
        "qwk": 0.7608940210036442,
        "acc": 0.5794251134644478,
        "mae": 0.49319213313161875,
        "f1_per_class": [
          0.6712871287128713,
          0.32131147540983607,
          0.5741324921135647,
          0.738562091503268,
          0.8095238095238095
        ],
        "macro_f1": 0.6229633994526699,
        "confusion": [
          [
            339,
            138,
            32,
            0,
            0
          ],
          [
            115,
            98,
            54,
            2,
            0
          ],
          [
            46,
            91,
            182,
            11,
            0
          ],
          [
            1,
            14,
            36,
            113,
            2
          ],
          [
            0,
            0,
            0,
            14,
            34
          ]
        ],
        "ece": 0.13200097550242101,
        "seed": 42,
        "fold": 1
      },
      {
        "qwk": 0.7731680818621663,
        "acc": 0.6333333333333333,
        "mae": 0.4643939393939394,
        "f1_per_class": [
          0.7305699481865285,
          0.2597402597402597,
          0.5970149253731343,
          0.76,
          0.7792207792207793
        ],
        "macro_f1": 0.6253091825041404,
        "confusion": [
          [
            423,
            51,
            43,
            1,
            0
          ],
          [
            139,
            50,
            43,
            3,
            0
          ],
          [
            77,
            47,
            200,
            25,
            0
          ],
          [
            1,
            2,
            35,
            133,
            8
          ],
          [
            0,
            0,
            0,
            9,
            30
          ]
        ],
        "ece": 0.16916483159769666,
        "seed": 42,
        "fold": 2
      },
      {
        "qwk": 0.7542748060598676,
        "acc": 0.5931818181818181,
        "mae": 0.4909090909090909,
        "f1_per_class": [
          0.6882591093117408,
          0.29296875,
          0.5848787446504993,
          0.7368421052631579,
          0.7796610169491526
        ],
        "macro_f1": 0.6165219452349102,
        "confusion": [
          [
            340,
            126,
            33,
            4,
            0
          ],
          [
            89,
            75,
            45,
            5,
            0
          ],
          [
            55,
            89,
            205,
            35,
            0
          ],
          [
            1,
            8,
            34,
            140,
            1
          ],
          [
            0,
            0,
            0,
            12,
            23
          ]
        ],
        "ece": 0.12411559964671277,
        "seed": 42,
        "fold": 3
      },
      {
        "qwk": 0.7669676878249113,
        "acc": 0.6166666666666667,
        "mae": 0.4765151515151515,
        "f1_per_class": [
          0.7231040564373897,
          0.24880382775119617,
          0.587183308494784,
          0.7405247813411079,
          0.7567567567567568
        ],
        "macro_f1": 0.6112745461562469,