{
  "config": {
    "data_root": "~/datasets/knee-kl/KneeXrayData/ClsKLData/kneeKL224",
    "img_size": 224,
    "center_crop_ratio": 0.8,
    "num_classes": 5,
    "n_folds": 5,
    "patient_aware_split": true,
    "backbone": "convnext_tiny",
    "attention": "triplet",
    "loss_type": "gaussian_soft",
    "use_imbalance": false,
    "use_contrastive": false,
    "lr_backbone": 0.0001,
    "lr_head": 0.001,
    "cdw_power": 3.0,
    "contrastive_lambda": 0.5,
    "contrastive_temp": 0.1,
    "contrastive_beta": 1.0,
    "proj_dim": 128,
    "batch_size": 128,
    "epochs": 50,
    "early_stop_patience": 10,
    "seed": 42,
    "monitor_metric": "qwk",
    "num_workers": 8,
    "output_dir": "outputs"
  },
  "result": {
    "val": {
      "qwk": {
        "mean": 0.8162051491609968,
        "std": 0.0056201523817744
      },
      "acc": {
        "mean": 0.6491463805987255,
        "std": 0.011963951396009259
      },
      "mae": {
        "mean": 0.40324668775500844,
        "std": 0.013152185119537762
      },
      "macro_f1": {
        "mean": 0.6588915306807117,
        "std": 0.02552666911440897
      },
      "ece": {
        "mean": 0.24424047370431995,
        "std": 0.013492264020171223
      },
      "f1_per_class": {
        "mean": [
          0.7608735924237273,
          0.34421861831680645,
          0.6170603911122379,
          0.7641056663948803,
          0.808199385155907
        ],
        "std": [
          0.015595698082470414,
          0.0636614905034889,
          0.01628641085068402,
          0.03832911865245381,
          0.053975316894798495
        ]
      },
      "confusion": [
        [
          411.6,
          90.2,
          19.8,
          1.2,
          0.0
        ],
        [
          105.6,
          88.8,
          43.4,
          2.0,
          0.0
        ],
        [
          40.6,
          85.2,
          198.4,
          21.4,
          0.0
        ],
        [
          0.4,
          3.6,
          35.6,
          127.6,
          5.4
        ],
        [
          0.0,
          0.0,
          0.0,
          9.0,
          31.0
        ]
      ]
    },
    "test": {
      "qwk": {
        "mean": 0.8426856428920637,
        "std": 0.0
      },
      "acc": {
        "mean": 0.6745169082125604,
        "std": 0.0
      },
      "mae": {
        "mean": 0.36231884057971014,
        "std": 0.0
      },
      "macro_f1": {
        "mean": 0.6944393651321856,
        "std": 0.0
      },
      "ece": {
        "mean": 0.274964687059035,
        "std": 0.0
      },
      "f1_per_class": {
        "mean": [
          0.7832585949177877,
          0.3448275862068966,
          0.6436498150431565,
          0.8433179723502304,
          0.8571428571428571
        ],
        "std": [
          0.0,
          0.0,
          0.0,
          0.0,
          0.0
        ]
      },
      "confusion": [
        [
          524.0,
          103.0,
          12.0,
          0.0,
          0.0
        ],
        [
          130.0,
          110.0,
          55.0,
          1.0,
          0.0
        ],
        [
          44.0,
          127.0,
          261.0,
          15.0,
          0.0
        ],
        [
          1.0,
          2.0,
          36.0,
          183.0,
          1.0
        ],
        [
          0.0,
          0.0,
          0.0,
          12.0,
          39.0
        ]
      ]
    },
    "val_raw": [
      {
        "qwk": 0.8141045164467557,
        "acc": 0.6694402420574886,
        "mae": 0.3895612708018154,
        "f1_per_class": [
          0.7732406602953953,
          0.40618955512572535,
          0.6076388888888888,
          0.7904191616766467,
          0.8484848484848485
        ],
        "macro_f1": 0.685194622894301,
        "confusion": [
          [
            445,
            93,
            15,
            2,
            0
          ],
          [
            99,
            105,
            34,
            2,
            0
          ],
          [
            52,
            74,
            175,
            25,
            0
          ],
          [
            0,
            5,
            26,
            132,
            2
          ],
          [
            0,
            0,
            0,
            8,
            28
          ]
        ],
        "ece": 0.2640892210643339,
        "seed": 42,
        "fold": 0
      },
      {
        "qwk": 0.8230886632784806,
        "acc": 0.6475037821482602,
        "mae": 0.39636913767019666,
        "f1_per_class": [
          0.7624413145539906,
          0.3957597173144876,
          0.6060606060606061,
          0.7297297297297297,
          0.8888888888888888
        ],
        "macro_f1": 0.6765760513095406,
        "confusion": [
          [
            406,
            89,
            13,
            1,
            0
          ],
          [
            113,
            112,
            42,
            2,
            0
          ],
          [
            37,
            92,
            190,
            11,
            0
          ],
          [
            0,
            4,
            52,
            108,
            2
          ],
          [
            0,
            0,
            0,
            8,
            40
          ]
        ],
        "ece": 0.2357048405370986,
        "seed": 42,
        "fold": 1
      },
      {
        "qwk": 0.8219777986512643,
        "acc": 0.6484848484848484,
        "mae": 0.39924242424242423,
        "f1_per_class": [
          0.730883813306852,
          0.3592592592592593,
          0.6476761619190404,
          0.8269794721407625,
          0.8
        ],
        "macro_f1": 0.6729597413251829,
        "confusion": [
          [
            368,
            118,
            32,
            0,
            0
          ],
          [
            92,
            97,
            45,
            1,
            0
          ],
          [
            29,
            89,
            216,
            15,
            0
          ],
          [
            0,
            1,
            25,
            141,
            12
          ],
          [
            0,
            0,
            0,
            5,
            34
          ]
        ],
        "ece": 0.24736949268615616,
        "seed": 42,
        "fold": 2
      },
      {
        "qwk": 0.8080031708965184,
        "acc": 0.6318181818181818,
        "mae": 0.42803030303030304,
        "f1_per_class": [
          0.7648725212464589,
          0.22857142857142856,
          0.603988603988604,
          0.7338501291989664,
          0.75
        ],
        "macro_f1": 0.6162565366010916,
        "confusion": [
          [
            405,
            74,
            22,
            2,
            0
          ],
          [
            106,
            48,
            56,
            4,
            0
          ],
          [
            43,
            82,
            212,
            47,
            0
          ],
          [
            2,
            2,
            28,
            142,
            10
          ],
          [
            0,
            0,
            0,
            8,
            27
          ]
        ],
        "ece": 0.22418784892017193,
        "seed": 42,
        "fold": 3
      },
      {
        "qwk": 0.8138515965319651,
        "acc": 0.6484848484848484,
        "mae": 0.403030303030303,
        "f1_per_class": [
          0.7729296527159395,
          0.33131313131313134,
          0.6199376947040498,
          0.7395498392282959,
          0.7536231884057971
        ],
        "macro_f1": 0.6434707012734426,