{
  "config": {
    "data_root": "~/datasets/knee-kl/KneeXrayData/ClsKLData/kneeKL224",
    "img_size": 224,
    "center_crop_ratio": 0.8,
    "num_classes": 5,
    "n_folds": 5,
    "patient_aware_split": true,
    "backbone": "convnext_tiny",
    "attention": "triplet",
    "loss_type": "corn",
    "use_imbalance": false,
    "use_contrastive": false,
    "lr_backbone": 0.0001,
    "lr_head": 0.001,
    "cdw_power": 3.0,
    "contrastive_lambda": 0.5,
    "contrastive_temp": 0.1,
    "contrastive_beta": 1.0,
    "proj_dim": 128,
    "batch_size": 128,
    "epochs": 50,
    "early_stop_patience": 10,
    "seed": 42,
    "monitor_metric": "qwk",
    "num_workers": 8,
    "output_dir": "outputs"
  },
  "result": {
    "val": {
      "qwk": {
        "mean": 0.8162211461107786,
        "std": 0.004708938046279301
      },
      "acc": {
        "mean": 0.6538465593911887,
        "std": 0.005111110454195058
      },
      "mae": {
        "mean": 0.4058164855819924,
        "std": 0.0059267351009372575
      },
      "macro_f1": {
        "mean": 0.6631553131675286,
        "std": 0.004466171167030269
      },
      "ece": {
        "mean": 0.07629874386600044,
        "std": 0.02792318245885505
      },
      "f1_per_class": {
        "mean": [
          0.7575100415222982,
          0.30769085320858736,
          0.6269593543540285,
          0.7867958660400383,
          0.8368204507126912
        ],
        "std": [
          0.010722538877293296,
          0.040969344188558,
          0.011305447677497022,
          0.030852103562565517,
          0.03025382240592979
        ]
      },
      "confusion": [
        [
          425.4,
          75.8,
          21.2,
          0.4,
          0.0
        ],
        [
          124.0,
          72.4,
          41.4,
          2.0,
          0.0
        ],
        [
          51.0,
          73.0,
          200.2,
          21.4,
          0.0
        ],
        [
          0.4,
          3.0,
          29.8,
          130.6,
          8.8
        ],
        [
          0.0,
          0.0,
          0.0,
          5.0,
          35.0
        ]
      ]
    },
    "test": {
      "qwk": {
        "mean": 0.822966742630826,
        "std": 0.0
      },
      "acc": {
        "mean": 0.7041062801932367,
        "std": 0.0
      },
      "mae": {
        "mean": 0.3743961352657005,
        "std": 0.0
      },
      "macro_f1": {
        "mean": 0.6765778675842602,
        "std": 0.0
      },
      "ece": {
        "mean": 0.03211254918056984,
        "std": 0.0
      },
      "f1_per_class": {
        "mean": [
          0.7890154052243804,
          0.15135135135135136,
          0.6915477497255763,
          0.8663594470046083,
          0.8846153846153846
        ],
        "std": [
          0.0,
          0.0,
          0.0,
          0.0,
          0.0
        ]
      },
      "confusion": [
        [
          589.0,
          17.0,
          33.0,
          0.0,
          0.0
        ],
        [
          174.0,
          28.0,
          91.0,
          3.0,
          0.0
        ],
        [
          90.0,
          27.0,
          315.0,
          15.0,
          0.0
        ],
        [
          1.0,
          2.0,
          25.0,
          188.0,
          7.0
        ],
        [
          0.0,
          0.0,
          0.0,
          5.0,
          46.0
        ]
      ]
    },
    "val_raw": [
      {
        "qwk": 0.8206702592958159,
        "acc": 0.649016641452345,
        "mae": 0.4009077155824508,
        "f1_per_class": [
          0.7602862254025045,
          0.3591682419659735,
          0.6051282051282051,
          0.7781155015197568,
          0.7951807228915663
        ],
        "macro_f1": 0.6595757793816013,
        "confusion": [
          [
            425,
            110,
            18,
            2,
            0
          ],
          [
            99,
            95,
            44,
            2,
            0
          ],
          [
            39,
            81,
            177,
            29,
            0
          ],
          [
            0,
            3,
            20,
            128,
            14
          ],
          [
            0,
            0,
            0,
            3,
            33
          ]
        ],
        "ece": 0.06242715228072813,
        "seed": 42,
        "fold": 0
      },
      {
        "qwk": 0.8192122781282146,
        "acc": 0.6573373676248109,
        "mae": 0.40468986384266264,
        "f1_per_class": [
          0.7578194816800715,
          0.31004366812227074,
          0.6362252663622526,
          0.7934426229508197,
          0.8380952380952381
        ],
        "macro_f1": 0.6671252554421305,
        "confusion": [
          [
            424,
            54,
            31,
            0,
            0
          ],
          [
            139,
            71,
            57,
            2,
            0
          ],
          [
            47,
            62,
            209,
            12,
            0
          ],
          [
            0,
            2,
            30,
            121,
            13
          ],
          [
            0,
            0,
            0,
            4,
            44
          ]
        ],
        "ece": 0.12566410992491803,
        "seed": 42,
        "fold": 1
      },
      {
        "qwk": 0.8079157325827935,
        "acc": 0.6553030303030303,
        "mae": 0.4174242424242424,
        "f1_per_class": [
          0.7420435510887772,
          0.2469733656174334,
          0.6348684210526315,
          0.8430232558139535,
          0.8148148148148148
        ],
        "macro_f1": 0.6563446816775221,
        "confusion": [
          [
            443,
            63,
            12,
            0,
            0
          ],
          [
            152,
            51,
            32,
            0,
            0
          ],
          [
            79,
            63,
            193,
            14,
            0
          ],
          [
            2,
            1,
            22,
            145,
            9
          ],
          [
            0,
            0,
            0,
            6,
            33
          ]
        ],
        "ece": 0.053639178136081406,
        "seed": 42,
        "fold": 2
      },
      {
        "qwk": 0.8141263940520447,
        "acc": 0.6606060606060606,
        "mae": 0.403030303030303,
        "f1_per_class": [
          0.7749077490774908,
          0.2793017456359102,
          0.6305555555555555,
          0.7574931880108992,
          0.8823529411764706
        ],
        "macro_f1": 0.6649222358912652,
        "confusion": [
          [
            420,
            53,
            30,
            0,
            0
          ],
          [
            114,
            56,
            41,
            3,
            0
          ],
          [
            47,
            74,
            227,
            36,
            0
          ],
          [
            0,
            4,
            38,
            139,
            3
          ],
          [
            0,
            0,
            0,
            5,
            30
          ]
        ],
        "ece": 0.08823028791582944,
        "seed": 42,
        "fold": 3
      },
      {
        "qwk": 0.819181066495024,
        "acc": 0.646969696969697,
        "mae": 0.403030303030303,
        "f1_per_class": [
          0.7524932003626473,
          0.34296724470134876,
          0.6280193236714976,
          0.7619047619047619,
          0.8536585365853658
        ],
        "macro_f1": 0.6678086134451242,