{
  "config": {
    "data_root": "~/datasets/knee-kl/KneeXrayData/ClsKLData/kneeKL224",
    "img_size": 224,
    "center_crop_ratio": 0.8,
    "num_classes": 5,
    "n_folds": 5,
    "patient_aware_split": true,
    "backbone": "convnext_tiny",
    "attention": "cbam",
    "loss_type": "cdw_ce",
    "use_imbalance": false,
    "use_contrastive": false,
    "lr_backbone": 0.0001,
    "lr_head": 0.001,
    "cdw_power": 3.0,
    "contrastive_lambda": 0.5,
    "contrastive_temp": 0.1,
    "contrastive_beta": 1.0,
    "proj_dim": 128,
    "batch_size": 128,
    "epochs": 50,
    "early_stop_patience": 10,
    "seed": 42,
    "monitor_metric": "qwk",
    "num_workers": 8,
    "output_dir": "outputs"
  },
  "result": {
    "val": {
      "qwk": {
        "mean": 0.812479724121759,
        "std": 0.004679970425179421
      },
      "acc": {
        "mean": 0.6238600834364829,
        "std": 0.00840456423903096
      },
      "mae": {
        "mean": 0.4170260853619401,
        "std": 0.009778987901645527
      },
      "macro_f1": {
        "mean": 0.6566519969004844,
        "std": 0.013572076904817734
      },
      "ece": {
        "mean": 0.15535351200289269,
        "std": 0.010820293839816399
      },
      "f1_per_class": {
        "mean": [
          0.7299416862596679,
          0.36306846800892345,
          0.5972712650228695,
          0.7586789714996027,
          0.8342995937113585
        ],
        "std": [
          0.018781483416195274,
          0.03744086393015495,
          0.042199707543796906,
          0.014282257311200763,
          0.05078967187748039
        ]
      },
      "confusion": [
        [
          367.6,
          134.0,
          20.6,
          0.4,
          0.2
        ],
        [
          90.0,
          109.8,
          38.0,
          2.0,
          0.0
        ],
        [
          24.6,
          111.4,
          191.6,
          18.0,
          0.0
        ],
        [
          0.6,
          4.2,
          40.4,
          122.4,
          5.0
        ],
        [
          0.0,
          0.0,
          0.0,
          7.4,
          32.6
        ]
      ]
    },
    "test": {
      "qwk": {
        "mean": 0.8486840885288381,
        "std": 0.0
      },
      "acc": {
        "mean": 0.6618357487922706,
        "std": 0.0
      },
      "mae": {
        "mean": 0.36231884057971014,
        "std": 0.0
      },
      "macro_f1": {
        "mean": 0.6976594006886263,
        "std": 0.0
      },
      "ece": {
        "mean": 0.07667395798264494,
        "std": 0.0
      },
      "f1_per_class": {
        "mean": [
          0.7644230769230769,
          0.3838926174496644,
          0.6475,
          0.829736211031175,
          0.8627450980392157
        ],
        "std": [
          0.0,
          0.0,
          0.0,
          0.0,
          0.0
        ]
      },
      "confusion": [
        [
          477.0,
          154.0,
          8.0,
          0.0,
          0.0
        ],
        [
          105.0,
          143.0,
          47.0,
          1.0,
          0.0
        ],
        [
          27.0,
          148.0,
          259.0,
          13.0,
          0.0
        ],
        [
          0.0,
          4.0,
          39.0,
          173.0,
          7.0
        ],
        [
          0.0,
          0.0,
          0.0,
          7.0,
          44.0
        ]
      ]
    },
    "val_raw": [
      {
        "qwk": 0.8163685670103047,
        "acc": 0.6285930408472012,
        "mae": 0.4031770045385779,
        "f1_per_class": [
          0.7323383084577114,
          0.4312590448625181,
          0.5880281690140845,
          0.7581699346405228,
          0.8378378378378378
        ],
        "macro_f1": 0.6695266589625349,
        "confusion": [
          [
            368,
            175,
            10,
            1,
            1
          ],
          [
            62,
            149,
            28,
            1,
            0
          ],
          [
            20,
            121,
            167,
            18,
            0
          ],
          [
            0,
            6,
            37,
            116,
            6
          ],
          [
            0,
            0,
            0,
            5,
            31
          ]
        ],
        "ece": 0.13842361637936418,
        "seed": 42,
        "fold": 0
      },
      {
        "qwk": 0.818760554336243,
        "acc": 0.6331316187594553,
        "mae": 0.41074130105900153,
        "f1_per_class": [
          0.7366412213740458,
          0.3595890410958904,
          0.6042692939244664,
          0.7859424920127795,
          0.8666666666666667
        ],
        "macro_f1": 0.6706217430147698,
        "confusion": [
          [
            386,
            105,
            17,
            1,
            0
          ],
          [
            120,
            105,
            41,
            3,
            0
          ],
          [
            33,
            102,
            184,
            11,
            0
          ],
          [
            0,
            3,
            37,
            123,
            3
          ],
          [
            0,
            0,
            0,
            9,
            39
          ]
        ],
        "ece": 0.15901258443559713,
        "seed": 42,
        "fold": 1
      },
      {
        "qwk": 0.8054782371765762,
        "acc": 0.6083333333333333,
        "mae": 0.42727272727272725,
        "f1_per_class": [
          0.7067357512953368,
          0.3665086887835703,
          0.6137404580152672,
          0.7523510971786834,
          0.7352941176470589
        ],
        "macro_f1": 0.6349260225839833,
        "confusion": [
          [
            341,
            158,
            19,
            0,
            0
          ],
          [
            83,
            116,
            36,
            0,
            0
          ],
          [
            21,
            121,
            201,
            6,
            0
          ],
          [
            2,
            3,
            50,
            120,
            4
          ],
          [
            0,
            0,
            0,
            14,
            25
          ]
        ],
        "ece": 0.14793472271977048,
        "seed": 42,
        "fold": 2
      },
      {
        "qwk": 0.8102251209762256,
        "acc": 0.6257575757575757,
        "mae": 0.41515151515151516,
        "f1_per_class": [
          0.7138121546961326,
          0.32645403377110693,
          0.6549560853199499,
          0.7447447447447447,
          0.8611111111111112
        ],
        "macro_f1": 0.660215625928609,
        "confusion": [
          [
            323,
            140,
            40,
            0,
            0
          ],
          [
            67,
            87,
            59,
            1,
            0
          ],
          [
            12,
            91,
            261,
            20,
            0
          ],
          [
            0,
            1,
            53,
            124,
            6
          ],
          [
            0,
            0,
            0,
            4,
            31
          ]
        ],
        "ece": 0.168554465156613,
        "seed": 42,
        "fold": 3
      },
      {
        "qwk": 0.811566141109445,
        "acc": 0.6234848484848485,
        "mae": 0.4287878787878788,
        "f1_per_class": [
          0.7601809954751131,
          0.33153153153153153,
          0.5253623188405797,
          0.7521865889212828,
          0.8705882352941177
        ],
        "macro_f1": 0.647969934012525,