{
  "config": {
    "data_root": "~/datasets/knee-kl/KneeXrayData/ClsKLData/kneeKL224",
    "img_size": 224,
    "center_crop_ratio": 0.8,
    "num_classes": 5,
    "n_folds": 5,
    "patient_aware_split": true,
    "backbone": "convnext_tiny",
    "attention": "coord",
    "loss_type": "cdw_ce",
    "use_imbalance": false,
    "use_contrastive": false,
    "lr_backbone": 0.0001,
    "lr_head": 0.001,
    "cdw_power": 3.0,
    "contrastive_lambda": 0.5,
    "contrastive_temp": 0.1,
    "contrastive_beta": 1.0,
    "proj_dim": 128,
    "batch_size": 128,
    "epochs": 50,
    "early_stop_patience": 10,
    "seed": 42,
    "monitor_metric": "qwk",
    "num_workers": 8,
    "output_dir": "outputs"
  },
  "result": {
    "val": {
      "qwk": {
        "mean": 0.7839811893250493,
        "std": 0.048056875684506326
      },
      "acc": {
        "mean": 0.5958444505570073,
        "std": 0.02608575915029022
      },
      "mae": {
        "mean": 0.45443680374088846,
        "std": 0.043107375674062406
      },
      "macro_f1": {
        "mean": 0.5416190797738076,
        "std": 0.1255066793277363
      },
      "ece": {
        "mean": 0.20283755870149575,
        "std": 0.0539635620409359
      },
      "f1_per_class": {
        "mean": [
          0.7374413903235726,
          0.34359856967107316,
          0.5606772506715234,
          0.5769276387523191,
          0.4894505494505495
        ],
        "std": [
          0.024045743899496017,
          0.03659993951705894,
          0.03814968735233874,
          0.28949523002338323,
          0.4004463154277601
        ]
      },
      "confusion": [
        [
          385.6,
          118.4,
          18.8,
          0.0,
          0.0
        ],
        [
          101.8,
          100.0,
          37.4,
          0.6,
          0.0
        ],
        [
          32.0,
          111.0,
          185.4,
          17.0,
          0.2
        ],
        [
          0.8,
          4.8,
          65.0,
          94.6,
          7.4
        ],
        [
          0.0,
          0.0,
          8.4,
          10.2,
          21.4
        ]
      ]
    },
    "test": {
      "qwk": {
        "mean": 0.8359596827865332,
        "std": 0.0
      },
      "acc": {
        "mean": 0.6503623188405797,
        "std": 0.0
      },
      "mae": {
        "mean": 0.3804347826086957,
        "std": 0.0
      },
      "macro_f1": {
        "mean": 0.6725830000239913,
        "std": 0.0
      },
      "ece": {
        "mean": 0.06664566103602955,
        "std": 0.0
      },
      "f1_per_class": {
        "mean": [
          0.7735408560311284,
          0.36056338028169016,
          0.6206060606060606,
          0.7918781725888325,
          0.8163265306122449
        ],
        "std": [
          0.0,
          0.0,
          0.0,
          0.0,
          0.0
        ]
      },
      "confusion": [
        [
          497.0,
          132.0,
          10.0,
          0.0,
          0.0
        ],
        [
          113.0,
          128.0,
          55.0,
          0.0,
          0.0
        ],
        [
          36.0,
          150.0,
          256.0,
          5.0,
          0.0
        ],
        [
          0.0,
          4.0,
          56.0,
          156.0,
          7.0
        ],
        [
          0.0,
          0.0,
          1.0,
          10.0,
          40.0
        ]
      ]
    },
    "val_raw": [
      {
        "qwk": 0.8112765906601112,
        "acc": 0.6278366111951589,
        "mae": 0.4198184568835098,
        "f1_per_class": [
          0.7650655021834061,
          0.36462093862815886,
          0.5435540069686411,
          0.710801393728223,
          0.7857142857142857
        ],
        "macro_f1": 0.633951225444543,
        "confusion": [
          [
            438,
            101,
            16,
            0,
            0
          ],
          [
            108,
            101,
            31,
            0,
            0
          ],
          [
            44,
            109,
            156,
            17,
            0
          ],
          [
            0,
            3,
            45,
            102,
            15
          ],
          [
            0,
            0,
            0,
            3,
            33
          ]
        ],
        "ece": 0.16272168386721933,
        "seed": 42,
        "fold": 0
      },
      {
        "qwk": 0.8203780852183372,
        "acc": 0.5854765506807866,
        "mae": 0.43872919818456885,
        "f1_per_class": [
          0.7068783068783069,
          0.40591397849462363,
          0.5236363636363637,
          0.6827586206896552,
          0.8
        ],
        "macro_f1": 0.62383745393979,
        "confusion": [
          [
            334,
            167,
            8,
            0,
            0
          ],
          [
            88,
            151,
            29,
            1,
            0
          ],
          [
            14,
            149,
            144,
            22,
            1
          ],
          [
            0,
            8,
            39,
            99,
            20
          ],
          [
            0,
            0,
            0,
            2,
            46
          ]
        ],
        "ece": 0.1316334065528933,
        "seed": 42,
        "fold": 1
      },
      {
        "qwk": 0.7976049037440465,
        "acc": 0.6022727272727273,
        "mae": 0.4409090909090909,
        "f1_per_class": [
          0.7229394240317776,
          0.3157894736842105,
          0.6024464831804281,
          0.7557840616966581,
          0.0
        ],
        "macro_f1": 0.4793918885186149,
        "confusion": [
          [
            364,
            127,
            27,
            0,
            0
          ],
          [
            97,
            87,
            51,
            0,
            0
          ],
          [
            26,
            102,
            197,
            24,
            0
          ],
          [
            2,
            0,
            30,
            147,
            0
          ],
          [
            0,
            0,
            0,
            39,
            0
          ]
        ],
        "ece": 0.1997564230227109,
        "seed": 42,
        "fold": 2
      },
      {
        "qwk": 0.8014616512172602,
        "acc": 0.6121212121212121,
        "mae": 0.43333333333333335,
        "f1_per_class": [
          0.7257731958762886,
          0.3104693140794224,
          0.6104078762306611,
          0.7352941176470589,
          0.8615384615384616
        ],
        "macro_f1": 0.6486965930743784,
        "confusion": [
          [
            352,
            129,
            22,
            0,
            0
          ],
          [
            87,
            86,
            39,
            2,
            0
          ],
          [
            28,
            117,
            217,
            22,
            0
          ],
          [
            0,
            8,
            49,
            125,
            2
          ],
          [
            0,
            0,
            0,
            7,
            28
          ]
        ],
        "ece": 0.2342727656165759,
        "seed": 42,
        "fold": 3
      },
      {
        "qwk": 0.6891847157854913,
        "acc": 0.5515151515151515,
        "mae": 0.5393939393939394,
        "f1_per_class": [
          0.7665505226480837,
          0.32119914346895073,
          0.5233415233415234,
          0.0,
          0.0
        ],
        "macro_f1": 0.32221823789171156,