{
  "config": {
    "data_root": "~/datasets/knee-kl/KneeXrayData/ClsKLData/kneeKL224",
    "img_size": 224,
    "center_crop_ratio": 0.8,
    "num_classes": 5,
    "n_folds": 5,
    "patient_aware_split": true,
    "backbone": "convnext_tiny",
    "attention": "se",
    "loss_type": "cdw_ce",
    "use_imbalance": false,
    "use_contrastive": false,
    "lr_backbone": 0.0001,
    "lr_head": 0.001,
    "cdw_power": 3.0,
    "contrastive_lambda": 0.5,
    "contrastive_temp": 0.1,
    "contrastive_beta": 1.0,
    "proj_dim": 128,
    "batch_size": 128,
    "epochs": 50,
    "early_stop_patience": 10,
    "seed": 42,
    "monitor_metric": "qwk",
    "num_workers": 8,
    "output_dir": "outputs"
  },
  "result": {
    "val": {
      "qwk": {
        "mean": 0.8186259445691734,
        "std": 0.005261190867131033
      },
      "acc": {
        "mean": 0.6162898271672855,
        "std": 0.018276292078337707
      },
      "mae": {
        "mean": 0.4167180121945629,
        "std": 0.012624868419350023
      },
      "macro_f1": {
        "mean": 0.6550495484938111,
        "std": 0.011144646284176428
      },
      "ece": {
        "mean": 0.13977820927762147,
        "std": 0.01385065805717374
      },
      "f1_per_class": {
        "mean": [
          0.7212655205331392,
          0.36735809313280243,
          0.5789501359800219,
          0.7721941764577643,
          0.8354798163653279
        ],
        "std": [
          0.04790239382670501,
          0.020259625432681606,
          0.035107575110430014,
          0.030561969380983413,
          0.04985189566671867
        ]
      },
      "confusion": [
        [
          359.8,
          148.4,
          14.0,
          0.6,
          0.0
        ],
        [
          86.2,
          116.6,
          36.4,
          0.6,
          0.0
        ],
        [
          22.4,
          124.0,
          176.0,
          23.2,
          0.0
        ],
        [
          0.2,
          5.0,
          33.0,
          128.8,
          5.6
        ],
        [
          0.0,
          0.0,
          0.0,
          7.2,
          32.8
        ]
      ]
    },
    "test": {
      "qwk": {
        "mean": 0.8424120648467747,
        "std": 0.0
      },
      "acc": {
        "mean": 0.6419082125603864,
        "std": 0.0
      },
      "mae": {
        "mean": 0.3810386473429952,
        "std": 0.0
      },
      "macro_f1": {
        "mean": 0.6848368987510537,
        "std": 0.0
      },
      "ece": {
        "mean": 0.09058989696024695,
        "std": 0.0
      },
      "f1_per_class": {
        "mean": [
          0.7562753036437248,
          0.36989795918367346,
          0.5968586387434555,
          0.8384074941451991,
          0.8627450980392157
        ],
        "std": [
          0.0,
          0.0,
          0.0,
          0.0,
          0.0
        ]
      },
      "confusion": [
        [
          467.0,
          164.0,
          8.0,
          0.0,
          0.0
        ],
        [
          103.0,
          145.0,
          47.0,
          1.0,
          0.0
        ],
        [
          26.0,
          176.0,
          228.0,
          17.0,
          0.0
        ],
        [
          0.0,
          3.0,
          34.0,
          179.0,
          7.0
        ],
        [
          0.0,
          0.0,
          0.0,
          7.0,
          44.0
        ]
      ]
    },
    "val_raw": [
      {
        "qwk": 0.8183589775861888,
        "acc": 0.6195158850226928,
        "mae": 0.4183055975794251,
        "f1_per_class": [
          0.761384335154827,
          0.36421725239616615,
          0.5145067698259188,
          0.7601246105919003,
          0.7804878048780488
        ],
        "macro_f1": 0.6361441545693722,
        "confusion": [
          [
            418,
            126,
            10,
            1,
            0
          ],
          [
            97,
            114,
            29,
            0,
            0
          ],
          [
            28,
            136,
            133,
            29,
            0
          ],
          [
            0,
            10,
            19,
            122,
            14
          ],
          [
            0,
            0,
            0,
            4,
            32
          ]
        ],
        "ece": 0.1447586908643437,
        "seed": 42,
        "fold": 0
      },
      {
        "qwk": 0.8239658485411885,
        "acc": 0.624054462934947,
        "mae": 0.4122541603630862,
        "f1_per_class": [
          0.7360157016683022,
          0.35973597359735976,
          0.5830618892508144,
          0.7702265372168284,
          0.8958333333333334
        ],
        "macro_f1": 0.6689746870133276,
        "confusion": [
          [
            375,
            116,
            18,
            0,
            0
          ],
          [
            110,
            109,
            49,
            1,
            0
          ],
          [
            25,
            108,
            179,
            18,
            0
          ],
          [
            0,
            4,
            38,
            119,
            5
          ],
          [
            0,
            0,
            0,
            5,
            43
          ]
        ],
        "ece": 0.12566179041602787,
        "seed": 42,
        "fold": 1
      },
      {
        "qwk": 0.8226522689591961,
        "acc": 0.634090909090909,
        "mae": 0.4037878787878788,
        "f1_per_class": [
          0.73767258382643,
          0.34494773519163763,
          0.6144200626959248,
          0.8141592920353983,
          0.8
        ],
        "macro_f1": 0.6622399347498782,
        "confusion": [
          [
            374,
            123,
            21,
            0,
            0
          ],
          [
            96,
            99,
            40,
            0,
            0
          ],
          [
            25,
            115,
            196,
            13,
            0
          ],
          [
            1,
            2,
            32,
            138,
            6
          ],
          [
            0,
            0,
            0,
            9,
            30
          ]
        ],
        "ece": 0.1567215837086692,
        "seed": 42,
        "fold": 2
      },
      {
        "qwk": 0.8089672418511022,
        "acc": 0.581060606060606,
        "mae": 0.4401515151515151,
        "f1_per_class": [
          0.6271604938271605,
          0.36235955056179775,
          0.6059701492537314,
          0.7926509186351706,
          0.8955223880597015
        ],
        "macro_f1": 0.6567327000675124,
        "confusion": [
          [
            254,
            233,
            14,
            2,
            0
          ],
          [
            45,
            129,
            39,
            1,
            0
          ],
          [
            8,
            135,
            203,
            38,
            0
          ],
          [
            0,
            1,
            30,
            151,
            2
          ],
          [
            0,
            0,
            0,
            5,
            30
          ]
        ],
        "ece": 0.1503238711393241,
        "seed": 42,
        "fold": 3
      },
      {
        "qwk": 0.8191853859081912,
        "acc": 0.6227272727272727,
        "mae": 0.4090909090909091,
        "f1_per_class": [
          0.7440944881889764,
          0.4055299539170507,
          0.5767918088737202,
          0.7238095238095238,
          0.8055555555555556
        ],
        "macro_f1": 0.6511562660689654,