{
  "config": {
    "data_root": "~/datasets/knee-kl/KneeXrayData/ClsKLData/kneeKL224",
    "img_size": 224,
    "center_crop_ratio": 0.8,
    "num_classes": 5,
    "n_folds": 5,
    "patient_aware_split": true,
    "backbone": "convnext_tiny",
    "attention": "triplet",
    "loss_type": "cdw_ce",
    "use_imbalance": false,
    "use_contrastive": false,
    "lr_backbone": 0.0001,
    "lr_head": 0.001,
    "cdw_power": 3.0,
    "contrastive_lambda": 0.5,
    "contrastive_temp": 0.1,
    "contrastive_beta": 1.0,
    "proj_dim": 128,
    "batch_size": 128,
    "epochs": 50,
    "early_stop_patience": 10,
    "seed": 42,
    "monitor_metric": "qwk",
    "num_workers": 8,
    "output_dir": "outputs"
  },
  "result": {
    "val": {
      "qwk": {
        "mean": 0.8208374954037232,
        "std": 0.005954095832674894
      },
      "acc": {
        "mean": 0.6320386925228074,
        "std": 0.006109491204537128
      },
      "mae": {
        "mean": 0.4073268234539037,
        "std": 0.004647373309062974
      },
      "macro_f1": {
        "mean": 0.6646233126547576,
        "std": 0.0038837752497597948
      },
      "ece": {
        "mean": 0.15344162793428612,
        "std": 0.007537468637649146
      },
      "f1_per_class": {
        "mean": [
          0.7334411185222282,
          0.3676404472429172,
          0.6020018455993947,
          0.7915373234134193,
          0.8284958284958284
        ],
        "std": [
          0.017204047849383806,
          0.02943776499429101,
          0.021267055501687157,
          0.028757988792988434,
          0.023111441328417977
        ]
      },
      "confusion": [
        [
          373.6,
          134.8,
          13.6,
          0.8,
          0.0
        ],
        [
          90.0,
          110.4,
          37.4,
          2.0,
          0.0
        ],
        [
          31.2,
          107.6,
          183.6,
          23.2,
          0.0
        ],
        [
          0.0,
          3.4,
          28.8,
          135.2,
          5.2
        ],
        [
          0.0,
          0.0,
          0.2,
          7.8,
          32.0
        ]
      ]
    },
    "test": {
      "qwk": {
        "mean": 0.8438433734843478,
        "std": 0.0
      },
      "acc": {
        "mean": 0.657608695652174,
        "std": 0.0
      },
      "mae": {
        "mean": 0.37077294685990336,
        "std": 0.0
      },
      "macro_f1": {
        "mean": 0.698828158510474,
        "std": 0.0
      },
      "ece": {
        "mean": 0.08460876464411832,
        "std": 0.0
      },
      "f1_per_class": {
        "mean": [
          0.7617529880478088,
          0.3726541554959786,
          0.6219354838709678,
          0.8577981651376146,
          0.88
        ],
        "std": [
          0.0,
          0.0,
          0.0,
          0.0,
          0.0
        ]
      },
      "confusion": [
        [
          478.0,
          150.0,
          11.0,
          0.0,
          0.0
        ],
        [
          107.0,
          139.0,
          50.0,
          0.0,
          0.0
        ],
        [
          31.0,
          156.0,
          241.0,
          19.0,
          0.0
        ],
        [
          0.0,
          5.0,
          26.0,
          187.0,
          5.0
        ],
        [
          0.0,
          0.0,
          0.0,
          7.0,
          44.0
        ]
      ]
    },
    "val_raw": [
      {
        "qwk": 0.8120672074858017,
        "acc": 0.6354009077155824,
        "mae": 0.4152798789712557,
        "f1_per_class": [
          0.7450628366247756,
          0.336996336996337,
          0.5888501742160279,
          0.7927927927927928,
          0.8311688311688312
        ],
        "macro_f1": 0.6589741943597529,
        "confusion": [
          [
            415,
            120,
            17,
            3,
            0
          ],
          [
            105,
            92,
            39,
            4,
            0
          ],
          [
            39,
            93,
            169,
            25,
            0
          ],
          [
            0,
            1,
            23,
            132,
            9
          ],
          [
            0,
            0,
            0,
            4,
            32
          ]
        ],
        "ece": 0.15431674264382664,
        "seed": 42,
        "fold": 0
      },
      {
        "qwk": 0.824045972831938,
        "acc": 0.6369137670196672,
        "mae": 0.4062027231467474,
        "f1_per_class": [
          0.7439252336448599,
          0.34265734265734266,
          0.6040955631399317,
          0.8,
          0.8571428571428571
        ],
        "macro_f1": 0.6695641993169983,
        "confusion": [
          [
            398,
            99,
            11,
            1,
            0
          ],
          [
            127,
            98,
            42,
            2,
            0
          ],
          [
            36,
            100,
            177,
            17,
            0
          ],
          [
            0,
            6,
            26,
            130,
            4
          ],
          [
            0,
            0,
            0,
            9,
            39
          ]
        ],
        "ece": 0.16063494189063285,
        "seed": 42,
        "fold": 1
      },
      {
        "qwk": 0.8262467178074567,
        "acc": 0.621969696969697,
        "mae": 0.4068181818181818,
        "f1_per_class": [
          0.7177334732423925,
          0.3988183161004431,
          0.5709342560553633,
          0.8361581920903954,
          0.7948717948717948
        ],
        "macro_f1": 0.6637032064720778,
        "confusion": [
          [
            342,
            165,
            11,
            0,
            0
          ],
          [
            69,
            135,
            31,
            0,
            0
          ],
          [
            24,
            140,
            165,
            20,
            0
          ],
          [
            0,
            2,
            21,
            148,
            8
          ],
          [
            0,
            0,
            1,
            7,
            31
          ]
        ],
        "ece": 0.14881285991181029,
        "seed": 42,
        "fold": 2
      },
      {
        "qwk": 0.815401408845838,
        "acc": 0.6378787878787879,
        "mae": 0.4075757575757576,
        "f1_per_class": [
          0.7522388059701492,
          0.3524904214559387,
          0.6123032904148784,
          0.7471264367816092,
          0.8484848484848485
        ],
        "macro_f1": 0.6625287606214848,
        "confusion": [
          [
            378,
            108,
            17,
            0,
            0
          ],
          [
            85,
            92,
            37,
            0,
            0
          ],
          [
            39,
            104,
            214,
            27,
            0
          ],
          [
            0,
            4,
            47,
            130,
            3
          ],
          [
            0,
            0,
            0,
            7,
            28
          ]
        ],
        "ece": 0.16182665906169197,
        "seed": 42,
        "fold": 3
      },
      {
        "qwk": 0.8264261700475817,
        "acc": 0.628030303030303,
        "mae": 0.40075757575757576,
        "f1_per_class": [
          0.7082452431289641,
          0.4072398190045249,
          0.6338259441707718,
          0.7816091954022989,
          0.8108108108108109
        ],
        "macro_f1": 0.6683462025034741,