{
  "config": {
    "data_root": "~/datasets/knee-kl/KneeXrayData/ClsKLData/kneeKL224",
    "img_size": 224,
    "center_crop_ratio": 0.8,
    "num_classes": 5,
    "n_folds": 5,
    "patient_aware_split": true,
    "backbone": "swin_tiny_patch4_window7_224",
    "attention": "none",
    "loss_type": "ce",
    "use_imbalance": false,
    "use_oversampling": true,
    "use_class_weight": true,
    "use_contrastive": false,
    "lr_backbone": 0.0001,
    "lr_head": 0.001,
    "cdw_power": 3.0,
    "contrastive_lambda": 0.5,
    "contrastive_temp": 0.1,
    "contrastive_beta": 1.0,
    "proj_dim": 128,
    "batch_size": 128,
    "epochs": 50,
    "early_stop_patience": 10,
    "seed": 42,
    "monitor_metric": "qwk",
    "num_workers": 8,
    "output_dir": "outputs"
  },
  "result": {
    "val": {
      "qwk": {
        "mean": 0.7996090357521929,
        "std": 0.004428383613799033
      },
      "acc": {
        "mean": 0.6543015632879475,
        "std": 0.017747559600109986
      },
      "mae": {
        "mean": 0.4211105762618622,
        "std": 0.012156430050440451
      },
      "macro_f1": {
        "mean": 0.6566609303754429,
        "std": 0.02122530873801606
      },
      "ece": {
        "mean": 0.05932713990878115,
        "std": 0.031228595608341906
      },
      "f1_per_class": {
        "mean": [
          0.7542236536304163,
          0.3035781073058254,
          0.6173244271269811,
          0.7794627759283518,
          0.8287156878856408
        ],
        "std": [
          0.019903225154651163,
          0.04991337508671001,
          0.03337539428596162,
          0.024567088098283896,
          0.055655506579860056
        ]
      },
      "confusion": [
        [
          424.8,
          63.6,
          34.2,
          0.2,
          0.0
        ],
        [
          119.4,
          66.6,
          51.0,
          2.8,
          0.0
        ],
        [
          57.2,
          54.6,
          207.0,
          26.8,
          0.0
        ],
        [
          0.8,
          3.4,
          29.8,
          134.2,
          4.4
        ],
        [
          0.0,
          0.0,
          0.0,
          8.4,
          31.6
        ]
      ]
    },
    "test": {
      "qwk": {
        "mean": 0.8312875358776661,
        "std": 0.0
      },
      "acc": {
        "mean": 0.6896135265700483,
        "std": 0.0
      },
      "mae": {
        "mean": 0.37016908212560384,
        "std": 0.0
      },
      "macro_f1": {
        "mean": 0.6931473641006599,
        "std": 0.0
      },
      "ece": {
        "mean": 0.025481431092617017,
        "std": 0.0
      },
      "f1_per_class": {
        "mean": [
          0.7837837837837838,
          0.2862903225806452,
          0.6651270207852193,
          0.8463251670378619,
          0.8842105263157894
        ],
        "std": [
          0.0,
          0.0,
          0.0,
          0.0,
          0.0
        ]
      },
      "confusion": [
        [
          551.0,
          64.0,
          24.0,
          0.0,
          0.0
        ],
        [
          145.0,
          71.0,
          78.0,
          2.0,
          0.0
        ],
        [
          71.0,
          63.0,
          288.0,
          25.0,
          0.0
        ],
        [
          0.0,
          2.0,
          29.0,
          190.0,
          2.0
        ],
        [
          0.0,
          0.0,
          0.0,
          9.0,
          42.0
        ]
      ]
    },
    "val_raw": [
      {
        "qwk": 0.7927551648843849,
        "acc": 0.6649016641452344,
        "mae": 0.4130105900151286,
        "f1_per_class": [
          0.7595581988105352,
          0.334841628959276,
          0.6279434850863422,
          0.8098159509202454,
          0.8387096774193549
        ],
        "macro_f1": 0.6741737882391508,
        "confusion": [
          [
            447,
            73,
            34,
            1,
            0
          ],
          [
            115,
            74,
            49,
            2,
            0
          ],
          [
            59,
            51,
            200,
            16,
            0
          ],
          [
            1,
            4,
            28,
            132,
            0
          ],
          [
            0,
            0,
            0,
            10,
            26
          ]
        ],
        "ece": 0.08239652597417269,
        "seed": 42,
        "fold": 0
      },
      {
        "qwk": 0.8034451727425675,
        "acc": 0.6399394856278366,
        "mae": 0.42208774583963693,
        "f1_per_class": [
          0.7183098591549296,
          0.3575418994413408,
          0.6332378223495702,
          0.8037383177570093,
          0.9148936170212766
        ],
        "macro_f1": 0.6855443031448252,
        "confusion": [
          [
            357,
            108,
            44,
            0,
            0
          ],
          [
            97,
            96,
            74,
            2,
            0
          ],
          [
            31,
            59,
            221,
            19,
            0
          ],
          [
            0,
            5,
            29,
            129,
            3
          ],
          [
            0,
            0,
            0,
            5,
            43
          ]
        ],
        "ece": 0.030383850753577843,
        "seed": 42,
        "fold": 1
      },
      {
        "qwk": 0.79762872898655,
        "acc": 0.6310606060606061,
        "mae": 0.4431818181818182,
        "f1_per_class": [
          0.7493584260051326,
          0.26303854875283444,
          0.5657237936772047,
          0.7790697674418605,
          0.7764705882352941
        ],
        "macro_f1": 0.6267322248224653,
        "confusion": [
          [
            438,
            54,
            26,
            0,
            0
          ],
          [
            147,
            58,
            30,
            0,
            0
          ],
          [
            64,
            90,
            170,
            25,
            0
          ],
          [
            2,
            4,
            26,
            134,
            13
          ],
          [
            0,
            0,
            0,
            6,
            33
          ]
        ],
        "ece": 0.10955240575201586,
        "seed": 42,
        "fold": 2
      },
      {
        "qwk": 0.7989497658517646,
        "acc": 0.681060606060606,
        "mae": 0.4075757575757576,
        "f1_per_class": [
          0.7742489270386266,
          0.2268041237113402,
          0.6632258064516129,
          0.7565982404692082,
          0.8529411764705882
        ],
        "macro_f1": 0.6547636548282753,
        "confusion": [
          [
            451,
            18,
            34,
            0,
            0
          ],
          [
            130,
            33,
            50,
            1,
            0
          ],
          [
            81,
            25,
            257,
            21,
            0
          ],
          [
            0,
            1,
            50,
            129,
            4
          ],
          [
            0,
            0,
            0,
            6,
            29
          ]
        ],
        "ece": 0.037392642823132594,
        "seed": 42,
        "fold": 3
      },
      {
        "qwk": 0.8052663462956976,
        "acc": 0.6545454545454545,
        "mae": 0.4196969696969697,
        "f1_per_class": [
          0.7696428571428572,
          0.3356643356643357,
          0.5964912280701754,
          0.7480916030534351,
          0.7605633802816901
        ],
        "macro_f1": 0.6420906808424987,