{
  "config": {
    "data_root": "~/datasets/knee-kl/KneeXrayData/ClsKLData/kneeKL224",
    "img_size": 224,
    "center_crop_ratio": 0.8,
    "num_classes": 5,
    "n_folds": 5,
    "patient_aware_split": true,
    "backbone": "convnext_tiny",
    "attention": "triplet",
    "loss_type": "cdw_ce",
    "use_imbalance": true,
    "use_oversampling": false,
    "use_class_weight": true,
    "use_contrastive": true,
    "lr_backbone": 0.0003,
    "lr_head": 0.003,
    "cdw_power": 3.0,
    "contrastive_lambda": 0.5,
    "contrastive_temp": 0.1,
    "contrastive_beta": 1.0,
    "proj_dim": 128,
    "batch_size": 128,
    "epochs": 50,
    "early_stop_patience": 10,
    "seed": 42,
    "monitor_metric": "qwk",
    "num_workers": 8,
    "output_dir": "outputs",
    "save_checkpoints": false
  },
  "result": {
    "val": {
      "qwk": {
        "mean": 0.0,
        "std": 0.0
      },
      "acc": {
        "mean": 0.2616678127722,
        "std": 0.015863589432621467
      },
      "mae": {
        "mean": 1.1644326777609681,
        "std": 0.027594711409810447
      },
      "macro_f1": {
        "mean": 0.08290981836719023,
        "std": 0.003938496487047047
      },
      "ece": {
        "mean": 0.3506794513854152,
        "std": 0.055572999255060984
      },
      "f1_per_class": {
        "mean": [
          0.0,
          0.0,
          0.4145490918359512,
          0.0,
          0.0
        ],
        "std": [
          0.0,
          0.0,
          0.019692482435235234,
          0.0,
          0.0
        ]
      },
      "confusion": [
        [
          0.0,
          0.0,
          522.8,
          0.0,
          0.0
        ],
        [
          0.0,
          0.0,
          239.8,
          0.0,
          0.0
        ],
        [
          0.0,
          0.0,
          345.6,
          0.0,
          0.0
        ],
        [
          0.0,
          0.0,
          172.6,
          0.0,
          0.0
        ],
        [
          0.0,
          0.0,
          40.0,
          0.0,
          0.0
        ]
      ]
    },
    "test": {
      "qwk": {
        "mean": 0.0,
        "std": 0.0
      },
      "acc": {
        "mean": 0.26992753623188404,
        "std": 0.0
      },
      "mae": {
        "mean": 1.1467391304347827,
        "std": 0.0
      },
      "macro_f1": {
        "mean": 0.08502139800285306,
        "std": 0.0
      },
      "ece": {
        "mean": 0.3424176590670135,
        "std": 0.0
      },
      "f1_per_class": {
        "mean": [
          0.0,
          0.0,
          0.42510699001426533,
          0.0,
          0.0
        ],
        "std": [
          0.0,
          0.0,
          0.0,
          0.0,
          0.0
        ]
      },
      "confusion": [
        [
          0.0,
          0.0,
          639.0,
          0.0,
          0.0
        ],
        [
          0.0,
          0.0,
          296.0,
          0.0,
          0.0
        ],
        [
          0.0,
          0.0,
          447.0,
          0.0,
          0.0
        ],
        [
          0.0,
          0.0,
          223.0,
          0.0,
          0.0
        ],
        [
          0.0,
          0.0,
          51.0,
          0.0,
          0.0
        ]
      ]
    },
    "val_raw": [
      {
        "qwk": 0.0,
        "acc": 0.24659606656580937,
        "mae": 1.2004538577912254,
        "f1_per_class": [
          0.0,
          0.0,
          0.39563106796116504,
          0.0,
          0.0
        ],
        "macro_f1": 0.07912621359223301,
        "confusion": [
          [
            0,
            0,
            555,
            0,
            0
          ],
          [
            0,
            0,
            240,
            0,
            0
          ],
          [
            0,
            0,
            326,
            0,
            0
          ],
          [
            0,
            0,
            165,
            0,
            0
          ],
          [
            0,
            0,
            36,
            0,
            0
          ]
        ],
        "ece": 0.3601642687003299,
        "seed": 42,
        "fold": 0
      },
      {
        "qwk": 0.0,
        "acc": 0.24962178517397882,
        "mae": 1.1717095310136156,
        "f1_per_class": [
          0.0,
          0.0,
          0.39951573849878935,
          0.0,
          0.0
        ],
        "macro_f1": 0.07990314769975787,
        "confusion": [
          [
            0,
            0,
            509,
            0,
            0
          ],
          [
            0,
            0,
            269,
            0,
            0
          ],
          [
            0,
            0,
            330,
            0,
            0
          ],
          [
            0,
            0,
            166,
            0,
            0
          ],
          [
            0,
            0,
            48,
            0,
            0
          ]
        ],
        "ece": 0.35097831537251034,
        "seed": 42,
        "fold": 1
      },
      {
        "qwk": 0.0,
        "acc": 0.2643939393939394,
        "mae": 1.1575757575757575,
        "f1_per_class": [
          0.0,
          0.0,
          0.4182144997004194,
          0.0,
          0.0
        ],
        "macro_f1": 0.08364289994008388,
        "confusion": [
          [
            0,
            0,
            518,
            0,
            0
          ],
          [
            0,
            0,
            235,
            0,
            0
          ],
          [
            0,
            0,
            349,
            0,
            0
          ],
          [
            0,
            0,
            179,
            0,
            0
          ],
          [
            0,
            0,
            39,
            0,
            0
          ]
        ],
        "ece": 0.4126243349277612,
        "seed": 42,
        "fold": 2
      },
      {
        "qwk": 0.0,
        "acc": 0.2909090909090909,
        "mae": 1.1166666666666667,
        "f1_per_class": [
          0.0,
          0.0,
          0.4507042253521127,
          0.0,
          0.0
        ],
        "macro_f1": 0.09014084507042254,
        "confusion": [
          [
            0,
            0,
            503,
            0,
            0
          ],
          [
            0,
            0,
            214,
            0,
            0
          ],
          [
            0,
            0,
            384,
            0,
            0
          ],
          [
            0,
            0,
            184,
            0,
            0
          ],
          [
            0,
            0,
            35,
            0,
            0
          ]
        ],
        "ece": 0.38168099748365814,
        "seed": 42,
        "fold": 3
      },
      {
        "qwk": 0.0,
        "acc": 0.25681818181818183,
        "mae": 1.1757575757575758,
        "f1_per_class": [
          0.0,
          0.0,
          0.40867992766726946,
          0.0,
          0.0
        ],
        "macro_f1": 0.08173598553345389,
        "confusion": [
          [
            0,
            0,
            529,
            0,
            0
          ],
          [
            0,
            0,
            241,
            0,
            0
          ],
          [
            0,
            0,
            339,
            0,
            0
          ],
          [
            0,
            0,
            169,
            0,
            0
          ],
          [
            0,
            0,
            42,
            0,
            0
          ]
        ],
        "ece": 0.24794934044281636,
        "seed": 42,
        "fold": 4
      }
    ],
    "test_raw": [
      {
        "qwk": 0.0,
        "acc": 0.26992753623188404,
        "mae": 1.1467391304347827,
        "f1_per_class": [
          0.0,
          0.0,
          0.42510699001426533,
          0.0,
          0.0
        ],
        "macro_f1": 0.08502139800285306,