{
  "config": {
    "data_root": "~/datasets/knee-kl/KneeXrayData/ClsKLData/kneeKL224",
    "img_size": 224,
    "center_crop_ratio": 0.8,
    "num_classes": 5,
    "n_folds": 5,
    "patient_aware_split": true,
    "backbone": "convnext_tiny",
    "attention": "none",
    "loss_type": "ce",
    "use_imbalance": false,
    "use_oversampling": true,
    "use_class_weight": true,
    "use_contrastive": false,
    "lr_backbone": 0.0001,
    "lr_head": 0.001,
    "cdw_power": 3.0,
    "contrastive_lambda": 0.5,
    "contrastive_temp": 0.1,
    "contrastive_beta": 1.0,
    "proj_dim": 128,
    "batch_size": 128,
    "epochs": 50,
    "early_stop_patience": 10,
    "seed": 42,
    "monitor_metric": "qwk",
    "num_workers": 8,
    "output_dir": "outputs"
  },
  "result": {
    "val": {
      "qwk": {
        "mean": 0.80806092888124,
        "std": 0.005848730614393131
      },
      "acc": {
        "mean": 0.6647515243203594,
        "std": 0.020901593121401784
      },
      "mae": {
        "mean": 0.40656718470636777,
        "std": 0.013226141459271172
      },
      "macro_f1": {
        "mean": 0.6589602568502702,
        "std": 0.010075156090399908
      },
      "ece": {
        "mean": 0.051821214272797976,
        "std": 0.023778303108764335
      },
      "f1_per_class": {
        "mean": [
          0.7643454421204362,
          0.27283670428710305,
          0.6505538148942259,
          0.7827534256965124,
          0.8243118972530737
        ],
        "std": [
          0.023814760527655698,
          0.05195473792086403,
          0.020464817614772514,
          0.012686176869890322,
          0.046214098493389554
        ]
      },
      "confusion": [
        [
          421.2,
          60.4,
          40.2,
          0.8,
          0.2
        ],
        [
          114.0,
          57.4,
          64.0,
          4.4,
          0.0
        ],
        [
          41.8,
          47.0,
          230.2,
          26.6,
          0.0
        ],
        [
          1.2,
          3.0,
          25.4,
          135.6,
          7.4
        ],
        [
          0.0,
          0.0,
          0.2,
          6.2,
          33.6
        ]
      ]
    },
    "test": {
      "qwk": {
        "mean": 0.821633178485476,
        "std": 0.0
      },
      "acc": {
        "mean": 0.6853864734299517,
        "std": 0.0
      },
      "mae": {
        "mean": 0.38405797101449274,
        "std": 0.0
      },
      "macro_f1": {
        "mean": 0.6798075435564546,
        "std": 0.0
      },
      "ece": {
        "mean": 0.029888065684820733,
        "std": 0.0
      },
      "f1_per_class": {
        "mean": [
          0.7784172661870503,
          0.24782608695652175,
          0.6703056768558951,
          0.8371040723981901,
          0.8653846153846154
        ],
        "std": [
          0.0,
          0.0,
          0.0,
          0.0,
          0.0
        ]
      },
      "confusion": [
        [
          541.0,
          54.0,
          44.0,
          0.0,
          0.0
        ],
        [
          145.0,
          57.0,
          91.0,
          3.0,
          0.0
        ],
        [
          65.0,
          50.0,
          307.0,
          25.0,
          0.0
        ],
        [
          0.0,
          3.0,
          27.0,
          185.0,
          8.0
        ],
        [
          0.0,
          0.0,
          0.0,
          6.0,
          45.0
        ]
      ]
    },
    "val_raw": [
      {
        "qwk": 0.7983517942456222,
        "acc": 0.6770045385779122,
        "mae": 0.4122541603630862,
        "f1_per_class": [
          0.7784137367130008,
          0.22418879056047197,
          0.6475903614457831,
          0.788235294117647,
          0.8205128205128205
        ],
        "macro_f1": 0.6517882006699447,
        "confusion": [
          [
            476,
            33,
            44,
            2,
            0
          ],
          [
            133,
            38,
            62,
            7,
            0
          ],
          [
            58,
            25,
            215,
            28,
            0
          ],
          [
            1,
            3,
            17,
            134,
            10
          ],
          [
            0,
            0,
            0,
            4,
            32
          ]
        ],
        "ece": 0.05311900774036703,
        "seed": 42,
        "fold": 0
      },
      {
        "qwk": 0.8129911356324558,
        "acc": 0.642965204236006,
        "mae": 0.41603630862329805,
        "f1_per_class": [
          0.7516279069767442,
          0.25934065934065936,
          0.6422535211267606,
          0.760655737704918,
          0.8686868686868687
        ],
        "macro_f1": 0.6565129387671902,
        "confusion": [
          [
            404,
            72,
            33,
            0,
            0
          ],
          [
            125,
            59,
            83,
            2,
            0
          ],
          [
            36,
            50,
            228,
            16,
            0
          ],
          [
            1,
            5,
            36,
            116,
            8
          ],
          [
            0,
            0,
            0,
            5,
            43
          ]
        ],
        "ece": 0.09467841096436562,
        "seed": 42,
        "fold": 1
      },
      {
        "qwk": 0.8057441793448946,
        "acc": 0.6363636363636364,
        "mae": 0.421969696969697,
        "f1_per_class": [
          0.7244094488188977,
          0.36329588014981273,
          0.624420401854714,
          0.7890410958904109,
          0.7435897435897436
        ],
        "macro_f1": 0.6489513140607157,
        "confusion": [
          [
            368,
            120,
            29,
            1,
            0
          ],
          [
            91,
            97,
            44,
            3,
            0
          ],
          [
            37,
            81,
            202,
            29,
            0
          ],
          [
            2,
            1,
            22,
            144,
            10
          ],
          [
            0,
            0,
            1,
            9,
            29
          ]
        ],
        "ece": 0.042337974589882435,
        "seed": 42,
        "fold": 2
      },
      {
        "qwk": 0.8082979997371278,
        "acc": 0.6878787878787879,
        "mae": 0.38636363636363635,
        "f1_per_class": [
          0.791907514450867,
          0.22429906542056074,
          0.6870588235294117,
          0.7780821917808219,
          0.8181818181818182
        ],
        "macro_f1": 0.6599058826726959,
        "confusion": [
          [
            411,
            37,
            53,
            1,
            1
          ],
          [
            90,
            36,
            84,
            4,
            0
          ],
          [
            33,
            33,
            292,
            26,
            0
          ],
          [
            1,
            1,
            37,
            142,
            3
          ],
          [
            0,
            0,
            0,
            8,
            27
          ]
        ],
        "ece": 0.04668406728993764,
        "seed": 42,
        "fold": 3
      },
      {
        "qwk": 0.8149195354461001,
        "acc": 0.6795454545454546,
        "mae": 0.39621212121212124,
        "f1_per_class": [
          0.7753686036426712,
          0.2930591259640103,
          0.6514459665144596,
          0.797752808988764,
          0.8705882352941177
        ],
        "macro_f1": 0.6776429480808045,