{
  "config": {
    "data_root": "~/datasets/knee-kl/KneeXrayData/ClsKLData/kneeKL224",
    "img_size": 224,
    "center_crop_ratio": 0.8,
    "num_classes": 5,
    "n_folds": 5,
    "patient_aware_split": true,
    "backbone": "convnext_tiny",
    "attention": "triplet",
    "loss_type": "sord",
    "use_imbalance": false,
    "use_contrastive": false,
    "lr_backbone": 0.0001,
    "lr_head": 0.001,
    "cdw_power": 3.0,
    "contrastive_lambda": 0.5,
    "contrastive_temp": 0.1,
    "contrastive_beta": 1.0,
    "proj_dim": 128,
    "batch_size": 128,
    "epochs": 50,
    "early_stop_patience": 10,
    "seed": 42,
    "monitor_metric": "qwk",
    "num_workers": 8,
    "output_dir": "outputs"
  },
  "result": {
    "val": {
      "qwk": {
        "mean": 0.8088447807201431,
        "std": 0.005978108964347983
      },
      "acc": {
        "mean": 0.6546006968321644,
        "std": 0.013040225784954725
      },
      "mae": {
        "mean": 0.415809608948792,
        "std": 0.008564779994807004
      },
      "macro_f1": {
        "mean": 0.6506553819538501,
        "std": 0.012615729254533168
      },
      "ece": {
        "mean": 0.2049659305743572,
        "std": 0.005174431656147074
      },
      "f1_per_class": {
        "mean": [
          0.767743239593121,
          0.2627917127301953,
          0.5978566652336113,
          0.7790268306142674,
          0.8458584615980552
        ],
        "std": [
          0.009071570129423471,
          0.05563624964929418,
          0.06300586589409549,
          0.038610861845895565,
          0.04669761475474016
        ]
      },
      "confusion": [
        [
          446.2,
          53.8,
          22.4,
          0.4,
          0.0
        ],
        [
          132.4,
          55.2,
          48.4,
          3.8,
          0.0
        ],
        [
          60.2,
          58.0,
          190.6,
          36.8,
          0.0
        ],
        [
          0.8,
          4.2,
          23.6,
          141.0,
          3.0
        ],
        [
          0.0,
          0.0,
          0.0,
          8.4,
          31.6
        ]
      ]
    },
    "test": {
      "qwk": {
        "mean": 0.8326336155906693,
        "std": 0.0
      },
      "acc": {
        "mean": 0.6811594202898551,
        "std": 0.0
      },
      "mae": {
        "mean": 0.37620772946859904,
        "std": 0.0
      },
      "macro_f1": {
        "mean": 0.675952854880721,
        "std": 0.0
      },
      "ece": {
        "mean": 0.24100148553649586,
        "std": 0.0
      },
      "f1_per_class": {
        "mean": [
          0.7893631910426872,
          0.2784313725490196,
          0.6404907975460122,
          0.8293736501079914,
          0.8421052631578947
        ],
        "std": [
          0.0,
          0.0,
          0.0,
          0.0,
          0.0
        ]
      },
      "confusion": [
        [
          564.0,
          53.0,
          22.0,
          0.0,
          0.0
        ],
        [
          160.0,
          71.0,
          63.0,
          2.0,
          0.0
        ],
        [
          66.0,
          85.0,
          261.0,
          35.0,
          0.0
        ],
        [
          0.0,
          5.0,
          22.0,
          192.0,
          4.0
        ],
        [
          0.0,
          0.0,
          0.0,
          11.0,
          40.0
        ]
      ]
    },
    "val_raw": [
      {
        "qwk": 0.8067855670801034,
        "acc": 0.6618759455370651,
        "mae": 0.40998487140695916,
        "f1_per_class": [
          0.7735368956743003,
          0.2857142857142857,
          0.597444089456869,
          0.8034682080924855,
          0.9041095890410958
        ],
        "macro_f1": 0.6728546135958073,
        "confusion": [
          [
            456,
            65,
            33,
            1,
            0
          ],
          [
            115,
            60,
            62,
            3,
            0
          ],
          [
            53,
            51,
            187,
            35,
            0
          ],
          [
            0,
            4,
            18,
            139,
            4
          ],
          [
            0,
            0,
            0,
            3,
            33
          ]
        ],
        "ece": 0.2008483881714124,
        "seed": 42,
        "fold": 0
      },
      {
        "qwk": 0.8046457393526614,
        "acc": 0.6558245083207261,
        "mae": 0.4183055975794251,
        "f1_per_class": [
          0.7676419965576592,
          0.19834710743801653,
          0.6334716459197787,
          0.7662337662337663,
          0.8636363636363636
        ],
        "macro_f1": 0.6458661759571169,
        "confusion": [
          [
            446,
            26,
            37,
            0,
            0
          ],
          [
            149,
            36,
            83,
            1,
            0
          ],
          [
            57,
            31,
            229,
            13,
            0
          ],
          [
            1,
            1,
            44,
            118,
            2
          ],
          [
            0,
            0,
            0,
            10,
            38
          ]
        ],
        "ece": 0.20445445664621517,
        "seed": 42,
        "fold": 1
      },
      {
        "qwk": 0.8110058416376221,
        "acc": 0.6742424242424242,
        "mae": 0.4022727272727273,
        "f1_per_class": [
          0.7587354409317804,
          0.23626373626373626,
          0.6635367762128326,
          0.8337874659400545,
          0.7647058823529411
        ],
        "macro_f1": 0.651405860340269,
        "confusion": [
          [
            456,
            40,
            22,
            0,
            0
          ],
          [
            154,
            43,
            37,
            1,
            0
          ],
          [
            73,
            43,
            212,
            21,
            0
          ],
          [
            1,
            3,
            19,
            153,
            3
          ],
          [
            0,
            0,
            0,
            13,
            26
          ]
        ],
        "ece": 0.21495841208732488,
        "seed": 42,
        "fold": 2
      },
      {
        "qwk": 0.8024153785692414,
        "acc": 0.6431818181818182,
        "mae": 0.425,
        "f1_per_class": [
          0.7573333333333333,
          0.23444976076555024,
          0.6151560178306092,
          0.773109243697479,
          0.8656716417910447
        ],
        "macro_f1": 0.6491439994836032,
        "confusion": [
          [
            426,
            66,
            10,
            1,
            0
          ],
          [
            127,
            49,
            37,
            1,
            0
          ],
          [
            68,
            82,
            207,
            27,
            0
          ],
          [
            1,
            7,
            35,
            138,
            3
          ],
          [
            0,
            0,
            0,
            6,
            29
          ]
        ],
        "ece": 0.20118308771740306,
        "seed": 42,
        "fold": 3
      },
      {
        "qwk": 0.8193713769610875,
        "acc": 0.6378787878787879,
        "mae": 0.42348484848484846,
        "f1_per_class": [
          0.7814685314685315,
          0.35918367346938773,
          0.4796747967479675,
          0.7185354691075515,
          0.8311688311688312
        ],
        "macro_f1": 0.6340062603924539,