{
  "config": {
    "data_root": "~/datasets/knee-kl/KneeXrayData/ClsKLData/kneeKL224",
    "img_size": 224,
    "center_crop_ratio": 0.8,
    "num_classes": 5,
    "n_folds": 5,
    "patient_aware_split": true,
    "backbone": "convnext_tiny",
    "attention": "triplet",
    "loss_type": "cdw_ce",
    "use_imbalance": false,
    "use_oversampling": true,
    "use_class_weight": true,
    "use_contrastive": false,
    "lr_backbone": 0.0001,
    "lr_head": 0.001,
    "cdw_power": 3.0,
    "contrastive_lambda": 0.5,
    "contrastive_temp": 0.1,
    "contrastive_beta": 1.0,
    "proj_dim": 128,
    "batch_size": 128,
    "epochs": 50,
    "early_stop_patience": 10,
    "seed": 42,
    "monitor_metric": "qwk",
    "num_workers": 8,
    "output_dir": "outputs",
    "save_checkpoints": true
  },
  "result": {
    "val": {
      "qwk": {
        "mean": 0.8207910881234712,
        "std": 0.003687287623688507
      },
      "acc": {
        "mean": 0.6344688946958236,
        "std": 0.010383250428846568
      },
      "mae": {
        "mean": 0.4062627790766974,
        "std": 0.009238726167444906
      },
      "macro_f1": {
        "mean": 0.6651240012896628,
        "std": 0.005357265761314981
      },
      "ece": {
        "mean": 0.1678008288942759,
        "std": 0.02718679636482208
      },
      "f1_per_class": {
        "mean": [
          0.738391920587114,
          0.3632566813224708,
          0.6060411800093155,
          0.782383560585537,
          0.8355466639438764
        ],
        "std": [
          0.017649097157676954,
          0.018951090485391883,
          0.02728037310027549,
          0.016434438531203598,
          0.05676498720152371
        ]
      },
      "confusion": [
        [
          381.8,
          124.6,
          16.2,
          0.2,
          0.0
        ],
        [
          96.0,
          104.6,
          37.6,
          1.6,
          0.0
        ],
        [
          32.6,
          103.8,
          189.0,
          20.2,
          0.0
        ],
        [
          0.4,
          2.2,
          34.8,
          129.6,
          5.6
        ],
        [
          0.0,
          0.0,
          0.0,
          7.0,
          33.0
        ]
      ]
    },
    "test": {
      "qwk": {
        "mean": 0.8502453137962409,
        "std": 0.0
      },
      "acc": {
        "mean": 0.6714975845410628,
        "std": 0.0
      },
      "mae": {
        "mean": 0.35688405797101447,
        "std": 0.0
      },
      "macro_f1": {
        "mean": 0.7026277977065309,
        "std": 0.0
      },
      "ece": {
        "mean": 0.08453867534076534,
        "std": 0.0
      },
      "f1_per_class": {
        "mean": [
          0.7772585669781932,
          0.38375350140056025,
          0.6404066073697586,
          0.8463356973995272,
          0.8653846153846154
        ],
        "std": [
          0.0,
          0.0,
          0.0,
          0.0,
          0.0
        ]
      },
      "confusion": [
        [
          499.0,
          130.0,
          10.0,
          0.0,
          0.0
        ],
        [
          113.0,
          137.0,
          45.0,
          1.0,
          0.0
        ],
        [
          33.0,
          148.0,
          252.0,
          14.0,
          0.0
        ],
        [
          0.0,
          3.0,
          33.0,
          179.0,
          8.0
        ],
        [
          0.0,
          0.0,
          0.0,
          6.0,
          45.0
        ]
      ]
    },
    "val_raw": [
      {
        "qwk": 0.8208470947183385,
        "acc": 0.6180030257186082,
        "mae": 0.4130105900151286,
        "f1_per_class": [
          0.7163601161665053,
          0.35625,
          0.5911504424778761,
          0.8083832335329342,
          0.8611111111111112
        ],
        "macro_f1": 0.6666509806576854,
        "confusion": [
          [
            370,
            172,
            12,
            1,
            0
          ],
          [
            86,
            114,
            37,
            3,
            0
          ],
          [
            22,
            112,
            167,
            25,
            0
          ],
          [
            0,
            2,
            23,
            135,
            5
          ],
          [
            0,
            0,
            0,
            5,
            31
          ]
        ],
        "ece": 0.16258651286408693,
        "seed": 42,
        "fold": 0
      },
      {
        "qwk": 0.8140145515291182,
        "acc": 0.6346444780635401,
        "mae": 0.4198184568835098,
        "f1_per_class": [
          0.7526881720430108,
          0.3333333333333333,
          0.5662847790507365,
          0.7676767676767676,
          0.9183673469387755
        ],
        "macro_f1": 0.6676700798085247,
        "confusion": [
          [
            420,
            70,
            19,
            0,
            0
          ],
          [
            137,
            87,
            44,
            1,
            0
          ],
          [
            50,
            94,
            173,
            13,
            0
          ],
          [
            0,
            2,
            45,
            114,
            5
          ],
          [
            0,
            0,
            0,
            3,
            45
          ]
        ],
        "ece": 0.1928257369147487,
        "seed": 42,
        "fold": 1
      },
      {
        "qwk": 0.8224773125543614,
        "acc": 0.6333333333333333,
        "mae": 0.4022727272727273,
        "f1_per_class": [
          0.7172131147540983,
          0.3881578947368421,
          0.6396255850234009,
          0.7952522255192879,
          0.7435897435897436
        ],
        "macro_f1": 0.6567677127246745,
        "confusion": [
          [
            350,
            151,
            17,
            0,
            0
          ],
          [
            80,
            118,
            37,
            0,
            0
          ],
          [
            26,
            104,
            205,
            14,
            0
          ],
          [
            2,
            0,
            33,
            134,
            10
          ],
          [
            0,
            0,
            0,
            10,
            29
          ]
        ],
        "ece": 0.1226136655744278,
        "seed": 42,
        "fold": 2
      },
      {
        "qwk": 0.8214998720245713,
        "acc": 0.6356060606060606,
        "mae": 0.403030303030303,
        "f1_per_class": [
          0.7535934291581109,
          0.36036036036036034,
          0.5997045790251108,
          0.77088948787062,
          0.8253968253968254
        ],
        "macro_f1": 0.6619889363622053,
        "confusion": [
          [
            367,
            116,
            20,
            0,
            0
          ],
          [
            78,
            100,
            34,
            2,
            0
          ],
          [
            26,
            122,
            203,
            33,
            0
          ],
          [
            0,
            3,
            36,
            143,
            2
          ],
          [
            0,
            0,
            0,
            9,
            26
          ]
        ],
        "ece": 0.16207296058084028,
        "seed": 42,
        "fold": 3
      },
      {
        "qwk": 0.8251166097909661,
        "acc": 0.6507575757575758,
        "mae": 0.3931818181818182,
        "f1_per_class": [
          0.7521047708138447,
          0.3781818181818182,
          0.6334405144694534,
          0.7697160883280757,
          0.8292682926829268
        ],
        "macro_f1": 0.6725422968952237,