{
  "config": {
    "data_root": "~/datasets/knee-kl/KneeXrayData/ClsKLData/kneeKL224",
    "img_size": 224,
    "center_crop_ratio": 0.8,
    "num_classes": 5,
    "n_folds": 5,
    "patient_aware_split": true,
    "backbone": "convnext_tiny",
    "attention": "triplet",
    "loss_type": "cdw_ce",
    "use_imbalance": true,
    "use_oversampling": false,
    "use_class_weight": true,
    "use_contrastive": true,
    "lr_backbone": 0.0001,
    "lr_head": 0.001,
    "cdw_power": 4.0,
    "contrastive_lambda": 0.5,
    "contrastive_temp": 0.1,
    "contrastive_beta": 1.0,
    "proj_dim": 128,
    "batch_size": 128,
    "epochs": 50,
    "early_stop_patience": 10,
    "seed": 42,
    "monitor_metric": "qwk",
    "num_workers": 8,
    "output_dir": "outputs",
    "save_checkpoints": false
  },
  "result": {
    "val": {
      "qwk": {
        "mean": 0.6502653316883837,
        "std": 0.32517589761207155
      },
      "acc": {
        "mean": 0.5392891853481869,
        "std": 0.14690080315912724
      },
      "mae": {
        "mean": 0.5820804107642232,
        "std": 0.3093420630786781
      },
      "macro_f1": {
        "mean": 0.5391316209415637,
        "std": 0.23000661201358064
      },
      "ece": {
        "mean": 0.28728004708923716,
        "std": 0.1309571982429833
      },
      "f1_per_class": {
        "mean": [
          0.5708217584225077,
          0.3105851566469934,
          0.527671026349261,
          0.621053970464177,
          0.6655261928248792
        ],
        "std": [
          0.285762301734287,
          0.15685115419868847,
          0.07236152809054605,
          0.31089011032212804,
          0.3357068713415349
        ]
      },
      "confusion": [
        [
          277.4,
          120.2,
          125.0,
          0.2,
          0.0
        ],
        [
          65.0,
          101.0,
          72.2,
          1.6,
          0.0
        ],
        [
          22.8,
          101.6,
          198.8,
          22.4,
          0.0
        ],
        [
          0.0,
          3.4,
          55.6,
          106.8,
          6.8
        ],
        [
          0.0,
          0.0,
          7.2,
          4.6,
          28.2
        ]
      ]
    },
    "test": {
      "qwk": {
        "mean": 0.8475369303198773,
        "std": 0.0
      },
      "acc": {
        "mean": 0.6642512077294686,
        "std": 0.0
      },
      "mae": {
        "mean": 0.3617149758454106,
        "std": 0.0
      },
      "macro_f1": {
        "mean": 0.7125178974162727,
        "std": 0.0
      },
      "ece": {
        "mean": 0.05087096850581216,
        "std": 0.0
      },
      "f1_per_class": {
        "mean": [
          0.7547169811320755,
          0.39050131926121373,
          0.6476426799007444,
          0.8658823529411764,
          0.9038461538461539
        ],
        "std": [
          0.0,
          0.0,
          0.0,
          0.0,
          0.0
        ]
      },
      "confusion": [
        [
          460.0,
          167.0,
          12.0,
          0.0,
          0.0
        ],
        [
          92.0,
          148.0,
          55.0,
          1.0,
          0.0
        ],
        [
          28.0,
          145.0,
          261.0,
          13.0,
          0.0
        ],
        [
          0.0,
          2.0,
          31.0,
          184.0,
          6.0
        ],
        [
          0.0,
          0.0,
          0.0,
          4.0,
          47.0
        ]
      ]
    },
    "val_raw": [
      {
        "qwk": 0.0,
        "acc": 0.24659606656580937,
        "mae": 1.2004538577912254,
        "f1_per_class": [
          0.0,
          0.0,
          0.39563106796116504,
          0.0,
          0.0
        ],
        "macro_f1": 0.07912621359223301,
        "confusion": [
          [
            0,
            0,
            555,
            0,
            0
          ],
          [
            0,
            0,
            240,
            0,
            0
          ],
          [
            0,
            0,
            326,
            0,
            0
          ],
          [
            0,
            0,
            165,
            0,
            0
          ],
          [
            0,
            0,
            36,
            0,
            0
          ]
        ],
        "ece": 0.5324357537025763,
        "seed": 42,
        "fold": 0
      },
      {
        "qwk": 0.8164039112274717,
        "acc": 0.5990922844175491,
        "mae": 0.4341906202723147,
        "f1_per_class": [
          0.6960257787325457,
          0.42302543507362783,
          0.5057034220532319,
          0.7893175074183977,
          0.8543689320388349
        ],
        "macro_f1": 0.6536882150633276,
        "confusion": [
          [
            324,
            167,
            18,
            0,
            0
          ],
          [
            80,
            158,
            27,
            4,
            0
          ],
          [
            18,
            149,
            133,
            30,
            0
          ],
          [
            0,
            4,
            18,
            133,
            11
          ],
          [
            0,
            0,
            0,
            4,
            44
          ]
        ],
        "ece": 0.16195326049371134,
        "seed": 42,
        "fold": 1
      },
      {
        "qwk": 0.8174077008715886,
        "acc": 0.6363636363636364,
        "mae": 0.4090909090909091,
        "f1_per_class": [
          0.7392156862745098,
          0.39322033898305087,
          0.594059405940594,
          0.7965116279069767,
          0.75
        ],
        "macro_f1": 0.6546014118210264,
        "confusion": [
          [
            377,
            123,
            17,
            1,
            0
          ],
          [
            87,
            116,
            31,
            1,
            0
          ],
          [
            38,
            114,
            180,
            17,
            0
          ],
          [
            0,
            2,
            29,
            137,
            11
          ],
          [
            0,
            0,
            0,
            9,
            30
          ]
        ],
        "ece": 0.24552630854375432,
        "seed": 42,
        "fold": 2
      },
      {
        "qwk": 0.802688271420129,
        "acc": 0.6053030303030303,
        "mae": 0.43712121212121213,
        "f1_per_class": [
          0.7108307045215563,
          0.3540983606557377,
          0.574468085106383,
          0.7592067988668555,
          0.8823529411764706
        ],
        "macro_f1": 0.6561913780654006,
        "confusion": [
          [
            338,
            146,
            19,
            0,
            0
          ],
          [
            80,
            108,
            25,
            1,
            0
          ],
          [
            30,
            136,
            189,
            29,
            0
          ],
          [
            0,
            6,
            41,
            134,
            3
          ],
          [
            0,
            0,
            0,
            5,
            30
          ]
        ],
        "ece": 0.2989848117936741,
        "seed": 42,
        "fold": 3
      },
      {
        "qwk": 0.8148267749227291,
        "acc": 0.6090909090909091,
        "mae": 0.42954545454545456,
        "f1_per_class": [
          0.7080366225839267,
          0.38258164852255055,
          0.5684931506849316,
          0.7602339181286549,
          0.8409090909090909
        ],
        "macro_f1": 0.652050886165831,