{
  "config": {
    "data_root": "~/datasets/knee-kl/KneeXrayData/ClsKLData/kneeKL224",
    "img_size": 224,
    "center_crop_ratio": 0.8,
    "num_classes": 5,
    "n_folds": 5,
    "patient_aware_split": true,
    "backbone": "convnext_tiny",
    "attention": "triplet",
    "loss_type": "cdw_ce",
    "use_imbalance": true,
    "use_oversampling": false,
    "use_class_weight": true,
    "use_contrastive": true,
    "lr_backbone": 3e-05,
    "lr_head": 0.0003,
    "cdw_power": 3.0,
    "contrastive_lambda": 0.5,
    "contrastive_temp": 0.1,
    "contrastive_beta": 1.0,
    "proj_dim": 128,
    "batch_size": 128,
    "epochs": 50,
    "early_stop_patience": 10,
    "seed": 42,
    "monitor_metric": "qwk",
    "num_workers": 8,
    "output_dir": "outputs",
    "save_checkpoints": false
  },
  "result": {
    "val": {
      "qwk": {
        "mean": 0.8176703057383292,
        "std": 0.0050784588970711675
      },
      "acc": {
        "mean": 0.6075097418970339,
        "std": 0.012411383965122614
      },
      "mae": {
        "mean": 0.42429033145372025,
        "std": 0.009766922489797599
      },
      "macro_f1": {
        "mean": 0.6497130942777057,
        "std": 0.007087728858899869
      },
      "ece": {
        "mean": 0.1547193436685495,
        "std": 0.02286829214849474
      },
      "f1_per_class": {
        "mean": [
          0.7170708540641432,
          0.39533198874671266,
          0.549117083837202,
          0.7707699747819741,
          0.8162755699584968
        ],
        "std": [
          0.016192996098252564,
          0.023405953137034925,
          0.02921499614460342,
          0.013355433206187508,
          0.03721171505681703
        ]
      },
      "confusion": [
        [
          345.4,
          164.4,
          12.0,
          1.0,
          0.0
        ],
        [
          74.2,
          136.6,
          26.2,
          2.8,
          0.0
        ],
        [
          20.4,
          144.8,
          155.8,
          24.6,
          0.0
        ],
        [
          0.0,
          4.8,
          27.2,
          128.8,
          11.8
        ],
        [
          0.0,
          0.0,
          0.0,
          4.2,
          35.8
        ]
      ]
    },
    "test": {
      "qwk": {
        "mean": 0.8447523980209949,
        "std": 0.0
      },
      "acc": {
        "mean": 0.6388888888888888,
        "std": 0.0
      },
      "mae": {
        "mean": 0.38164251207729466,
        "std": 0.0
      },
      "macro_f1": {
        "mean": 0.6866796331201818,
        "std": 0.0
      },
      "ece": {
        "mean": 0.09194696325682787,
        "std": 0.0
      },
      "f1_per_class": {
        "mean": [
          0.7623762376237624,
          0.40423031727379555,
          0.5477888730385164,
          0.8382687927107062,
          0.8807339449541285
        ],
        "std": [
          0.0,
          0.0,
          0.0,
          0.0,
          0.0
        ]
      },
      "confusion": [
        [
          462.0,
          171.0,
          6.0,
          0.0,
          0.0
        ],
        [
          90.0,
          172.0,
          33.0,
          1.0,
          0.0
        ],
        [
          21.0,
          206.0,
          192.0,
          28.0,
          0.0
        ],
        [
          0.0,
          6.0,
          23.0,
          184.0,
          10.0
        ],
        [
          0.0,
          0.0,
          0.0,
          3.0,
          48.0
        ]
      ]
    },
    "val_raw": [
      {
        "qwk": 0.8183665026953456,
        "acc": 0.6036308623298033,
        "mae": 0.424357034795764,
        "f1_per_class": [
          0.6939203354297694,
          0.403899721448468,
          0.5863309352517986,
          0.7630769230769231,
          0.7692307692307693
        ],
        "macro_f1": 0.6432917368875456,
        "confusion": [
          [
            331,
            208,
            13,
            3,
            0
          ],
          [
            56,
            145,
            36,
            3,
            0
          ],
          [
            12,
            122,
            163,
            29,
            0
          ],
          [
            0,
            3,
            18,
            124,
            20
          ],
          [
            0,
            0,
            0,
            1,
            35
          ]
        ],
        "ece": 0.14921265790935,
        "seed": 42,
        "fold": 0
      },
      {
        "qwk": 0.8269509250159521,
        "acc": 0.6142208774583964,
        "mae": 0.4175491679273828,
        "f1_per_class": [
          0.7157676348547718,
          0.4301369863013699,
          0.525691699604743,
          0.7784431137724551,
          0.8545454545454545
        ],
        "macro_f1": 0.6609169778157589,
        "confusion": [
          [
            345,
            156,
            7,
            1,
            0
          ],
          [
            87,
            157,
            19,
            6,
            0
          ],
          [
            23,
            144,
            133,
            30,
            0
          ],
          [
            0,
            4,
            17,
            130,
            15
          ],
          [
            0,
            0,
            0,
            1,
            47
          ]
        ],
        "ece": 0.1347526019937873,
        "seed": 42,
        "fold": 1
      },
      {
        "qwk": 0.815068493150685,
        "acc": 0.6174242424242424,
        "mae": 0.41818181818181815,
        "f1_per_class": [
          0.7248459958932238,
          0.3987730061349693,
          0.569078947368421,
          0.7852760736196319,
          0.775
        ],
        "macro_f1": 0.6505948046032491,
        "confusion": [
          [
            353,
            146,
            18,
            1,
            0
          ],
          [
            77,
            130,
            28,
            0,
            0
          ],
          [
            26,
            140,
            173,
            10,
            0
          ],
          [
            0,
            1,
            40,
            128,
            10
          ],
          [
            0,
            0,
            0,
            8,
            31
          ]
        ],
        "ece": 0.1270504440999392,
        "seed": 42,
        "fold": 2
      },
      {
        "qwk": 0.8119365425276621,
        "acc": 0.5848484848484848,
        "mae": 0.4431818181818182,
        "f1_per_class": [
          0.7084708470847084,
          0.3587570621468927,
          0.506108202443281,
          0.7786666666666666,
          0.8533333333333334
        ],
        "macro_f1": 0.6410672223349765,
        "confusion": [
          [
            322,
            174,
            7,
            0,
            0
          ],
          [
            67,
            127,
            17,
            3,
            0
          ],
          [
            17,
            183,
            145,
            39,
            0
          ],
          [
            0,
            10,
            20,
            146,
            8
          ],
          [
            0,
            0,
            0,
            3,
            32
          ]
        ],
        "ece": 0.1792683666176868,
        "seed": 42,
        "fold": 3
      },
      {
        "qwk": 0.8160290653020013,
        "acc": 0.6174242424242424,
        "mae": 0.41818181818181815,
        "f1_per_class": [
          0.7423494570582428,
          0.38509316770186336,
          0.5583756345177665,
          0.7483870967741936,
          0.8292682926829268
        ],
        "macro_f1": 0.6526947297469986,