{
  "config": {
    "data_root": "~/datasets/knee-kl/KneeXrayData/ClsKLData/kneeKL224",
    "img_size": 224,
    "center_crop_ratio": 0.8,
    "num_classes": 5,
    "n_folds": 5,
    "patient_aware_split": true,
    "backbone": "convnext_tiny",
    "attention": "triplet",
    "loss_type": "cdw_ce",
    "use_imbalance": true,
    "use_oversampling": false,
    "use_class_weight": true,
    "use_contrastive": true,
    "lr_backbone": 0.0001,
    "lr_head": 0.001,
    "cdw_power": 3.0,
    "contrastive_lambda": 0.5,
    "contrastive_temp": 0.1,
    "contrastive_beta": 1.0,
    "proj_dim": 128,
    "batch_size": 128,
    "epochs": 50,
    "early_stop_patience": 10,
    "seed": 42,
    "monitor_metric": "qwk",
    "num_workers": 8,
    "output_dir": "outputs",
    "save_checkpoints": false
  },
  "result": {
    "val": {
      "qwk": {
        "mean": 0.8165073409323249,
        "std": 0.007322383292927544
      },
      "acc": {
        "mean": 0.6125120341081007,
        "std": 0.007983523559320785
      },
      "mae": {
        "mean": 0.42292417365791046,
        "std": 0.006897268219179554
      },
      "macro_f1": {
        "mean": 0.648607621607904,
        "std": 0.014192181646709198
      },
      "ece": {
        "mean": 0.19822849691779681,
        "std": 0.05967267588612583
      },
      "f1_per_class": {
        "mean": [
          0.7260023466143253,
          0.383510545520041,
          0.5408402494994131,
          0.7758933360259705,
          0.81679163037977
        ],
        "std": [
          0.02390847529835245,
          0.034849207376976866,
          0.06501511349223307,
          0.033088490713490896,
          0.05154495512796726
        ]
      },
      "confusion": [
        [
          360.0,
          149.8,
          12.8,
          0.2,
          0.0
        ],
        [
          83.4,
          128.8,
          25.0,
          2.6,
          0.0
        ],
        [
          24.0,
          141.6,
          154.4,
          25.6,
          0.0
        ],
        [
          0.4,
          6.2,
          25.2,
          131.8,
          9.0
        ],
        [
          0.0,
          0.0,
          0.0,
          6.0,
          34.0
        ]
      ]
    },
    "test": {
      "qwk": {
        "mean": 0.8459753507320934,
        "std": 0.0
      },
      "acc": {
        "mean": 0.6485507246376812,
        "std": 0.0
      },
      "mae": {
        "mean": 0.3743961352657005,
        "std": 0.0
      },
      "macro_f1": {
        "mean": 0.6948465204913117,
        "std": 0.0
      },
      "ece": {
        "mean": 0.10249712307384047,
        "std": 0.0
      },
      "f1_per_class": {
        "mean": [
          0.7600644122383253,
          0.38190954773869346,
          0.595108695652174,
          0.8525345622119815,
          0.8846153846153846
        ],
        "std": [
          0.0,
          0.0,
          0.0,
          0.0,
          0.0
        ]
      },
      "confusion": [
        [
          472.0,
          159.0,
          8.0,
          0.0,
          0.0
        ],
        [
          107.0,
          152.0,
          36.0,
          1.0,
          0.0
        ],
        [
          24.0,
          184.0,
          219.0,
          20.0,
          0.0
        ],
        [
          0.0,
          5.0,
          26.0,
          185.0,
          7.0
        ],
        [
          0.0,
          0.0,
          0.0,
          5.0,
          46.0
        ]
      ]
    },
    "val_raw": [
      {
        "qwk": 0.8191361960504329,
        "acc": 0.602874432677761,
        "mae": 0.42738275340393345,
        "f1_per_class": [
          0.7511916110581506,
          0.40607734806629836,
          0.44776119402985076,
          0.749185667752443,
          0.7578947368421053
        ],
        "macro_f1": 0.6224221115497696,
        "confusion": [
          [
            394,
            154,
            7,
            0,
            0
          ],
          [
            78,
            147,
            14,
            1,
            0
          ],
          [
            22,
            173,
            105,
            26,
            0
          ],
          [
            0,
            10,
            17,
            115,
            23
          ],
          [
            0,
            0,
            0,
            0,
            36
          ]
        ],
        "ece": 0.14511080710682311,
        "seed": 42,
        "fold": 0
      },
      {
        "qwk": 0.8188287651522634,
        "acc": 0.6074130105900152,
        "mae": 0.4228441754916793,
        "f1_per_class": [
          0.6990291262135923,
          0.4217687074829932,
          0.5581395348837209,
          0.7730061349693251,
          0.865979381443299
        ],
        "macro_f1": 0.6635845769985862,
        "confusion": [
          [
            324,
            172,
            12,
            1,
            0
          ],
          [
            77,
            155,
            32,
            5,
            0
          ],
          [
            17,
            135,
            156,
            22,
            0
          ],
          [
            0,
            4,
            29,
            126,
            7
          ],
          [
            0,
            0,
            0,
            6,
            42
          ]
        ],
        "ece": 0.1672516117117589,
        "seed": 42,
        "fold": 1
      },
      {
        "qwk": 0.8205069183355073,
        "acc": 0.625,
        "mae": 0.4106060606060606,
        "f1_per_class": [
          0.7556874381800198,
          0.40238450074515647,
          0.4834307992202729,
          0.8398950131233596,
          0.75
        ],
        "macro_f1": 0.6462795502537617,
        "confusion": [
          [
            382,
            125,
            11,
            0,
            0
          ],
          [
            82,
            135,
            16,
            2,
            0
          ],
          [
            28,
            172,
            124,
            25,
            0
          ],
          [
            1,
            4,
            13,
            160,
            1
          ],
          [
            0,
            0,
            0,
            15,
            24
          ]
        ],
        "ece": 0.1381326733439258,
        "seed": 42,
        "fold": 2
      },
      {
        "qwk": 0.802038914461608,
        "acc": 0.6181818181818182,
        "mae": 0.43106060606060603,
        "f1_per_class": [
          0.7226720647773279,
          0.3268206039076377,
          0.6092124814264487,
          0.764367816091954,
          0.8529411764705882
        ],
        "macro_f1": 0.6552028285347913,
        "confusion": [
          [
            357,
            129,
            17,
            0,
            0
          ],
          [
            91,
            92,
            29,
            2,
            0
          ],
          [
            36,
            120,
            205,
            23,
            0
          ],
          [
            1,
            8,
            38,
            133,
            4
          ],
          [
            0,
            0,
            0,
            6,
            29
          ]
        ],
        "ece": 0.2674828059294007,
        "seed": 42,
        "fold": 3
      },
      {
        "qwk": 0.8220259106618123,
        "acc": 0.6090909090909091,
        "mae": 0.42272727272727273,
        "f1_per_class": [
          0.7014314928425358,
          0.3605015673981191,
          0.6056572379367721,
          0.7530120481927711,
          0.8571428571428571
        ],
        "macro_f1": 0.655549040702611,