{
  "config": {
    "data_root": "~/datasets/knee-kl/KneeXrayData/ClsKLData/kneeKL224",
    "img_size": 224,
    "center_crop_ratio": 0.8,
    "num_classes": 5,
    "n_folds": 5,
    "patient_aware_split": true,
    "backbone": "resnet50",
    "attention": "none",
    "loss_type": "ce",
    "use_imbalance": false,
    "use_oversampling": true,
    "use_class_weight": true,
    "use_contrastive": false,
    "lr_backbone": 0.0001,
    "lr_head": 0.001,
    "cdw_power": 3.0,
    "contrastive_lambda": 0.5,
    "contrastive_temp": 0.1,
    "contrastive_beta": 1.0,
    "proj_dim": 128,
    "batch_size": 128,
    "epochs": 50,
    "early_stop_patience": 10,
    "seed": 42,
    "monitor_metric": "qwk",
    "num_workers": 8,
    "output_dir": "outputs"
  },
  "result": {
    "val": {
      "qwk": {
        "mean": 0.7406102084482512,
        "std": 0.012035492749341726
      },
      "acc": {
        "mean": 0.6050880209049649,
        "std": 0.010402081996382522
      },
      "mae": {
        "mean": 0.5131747123275112,
        "std": 0.013017421550743815
      },
      "macro_f1": {
        "mean": 0.5916077483512602,
        "std": 0.012984956185276073
      },
      "ece": {
        "mean": 0.08468740798099514,
        "std": 0.03226634944560643
      },
      "f1_per_class": {
        "mean": [
          0.7188570969797571,
          0.19502923142453943,
          0.5569503939393693,
          0.7136557791333253,
          0.7735462402793096
        ],
        "std": [
          0.01132682483290318,
          0.03774061530094953,
          0.01849886952844671,
          0.04021886574170626,
          0.025166578867317324
        ]
      },
      "confusion": [
        [
          423.0,
          51.2,
          47.4,
          1.0,
          0.2
        ],
        [
          140.2,
          37.0,
          57.4,
          5.2,
          0.0
        ],
        [
          87.6,
          39.4,
          187.2,
          31.4,
          0.0
        ],
        [
          2.8,
          7.0,
          33.6,
          122.2,
          7.0
        ],
        [
          0.0,
          0.0,
          0.8,
          9.4,
          29.8
        ]
      ]
    },
    "test": {
      "qwk": {
        "mean": 0.756548770980492,
        "std": 0.0
      },
      "acc": {
        "mean": 0.6328502415458938,
        "std": 0.0
      },
      "mae": {
        "mean": 0.4867149758454106,
        "std": 0.0
      },
      "macro_f1": {
        "mean": 0.61024522358532,
        "std": 0.0
      },
      "ece": {
        "mean": 0.020967620888337996,
        "std": 0.0
      },
      "f1_per_class": {
        "mean": [
          0.7397444519166106,
          0.15308641975308643,
          0.5806451612903226,
          0.7736263736263737,
          0.8041237113402062
        ],
        "std": [
          0.0,
          0.0,
          0.0,
          0.0,
          0.0
        ]
      },
      "confusion": [
        [
          550.0,
          34.0,
          55.0,
          0.0,
          0.0
        ],
        [
          174.0,
          31.0,
          87.0,
          4.0,
          0.0
        ],
        [
          121.0,
          33.0,
          252.0,
          41.0,
          0.0
        ],
        [
          3.0,
          11.0,
          26.0,
          176.0,
          7.0
        ],
        [
          0.0,
          0.0,
          1.0,
          11.0,
          39.0
        ]
      ]
    },
    "val_raw": [
      {
        "qwk": 0.7288284744037659,
        "acc": 0.6111951588502269,
        "mae": 0.5219364599092284,
        "f1_per_class": [
          0.7379255740300871,
          0.13707165109034267,
          0.5319148936170213,
          0.7190332326283988,
          0.7323943661971831
        ],
        "macro_f1": 0.5716679435126066,
        "confusion": [
          [
            466,
            26,
            62,
            1,
            0
          ],
          [
            146,
            22,
            67,
            5,
            0
          ],
          [
            94,
            25,
            175,
            32,
            0
          ],
          [
            2,
            8,
            27,
            119,
            9
          ],
          [
            0,
            0,
            1,
            9,
            26
          ]
        ],
        "ece": 0.027935863826170266,
        "seed": 42,
        "fold": 0
      },
      {
        "qwk": 0.7595082195732896,
        "acc": 0.5983358547655068,
        "mae": 0.5015128593040847,
        "f1_per_class": [
          0.7130584192439863,
          0.18137254901960784,
          0.5766871165644172,
          0.6990881458966566,
          0.7912087912087912
        ],
        "macro_f1": 0.5922830043866918,
        "confusion": [
          [
            415,
            55,
            38,
            1,
            0
          ],
          [
            165,
            37,
            62,
            5,
            0
          ],
          [
            71,
            40,
            188,
            31,
            0
          ],
          [
            4,
            7,
            33,
            115,
            7
          ],
          [
            0,
            0,
            1,
            11,
            36
          ]
        ],
        "ece": 0.09063540955895555,
        "seed": 42,
        "fold": 1
      },
      {
        "qwk": 0.7500550878681114,
        "acc": 0.6181818181818182,
        "mae": 0.4946969696969697,
        "f1_per_class": [
          0.7215958369470945,
          0.21164021164021163,
          0.5784883720930233,
          0.7652173913043478,
          0.7631578947368421
        ],
        "macro_f1": 0.6080199413443038,
        "confusion": [
          [
            416,
            51,
            50,
            0,
            1
          ],
          [
            135,
            40,
            56,
            4,
            0
          ],
          [
            83,
            46,
            199,
            21,
            0
          ],
          [
            1,
            6,
            33,
            132,
            7
          ],
          [
            0,
            0,
            1,
            9,
            29
          ]
        ],
        "ece": 0.0879692434813037,
        "seed": 42,
        "fold": 2
      },
      {
        "qwk": 0.7333245290494204,
        "acc": 0.6090909090909091,
        "mae": 0.5181818181818182,
        "f1_per_class": [
          0.7182222222222222,
          0.19263456090651557,
          0.5558659217877095,
          0.7387862796833773,
          0.8059701492537313
        ],
        "macro_f1": 0.6022958267707113,
        "confusion": [
          [
            404,
            53,
            44,
            2,
            0
          ],
          [
            115,
            34,
            58,
            7,
            0
          ],
          [
            101,
            45,
            199,
            39,
            0
          ],
          [
            2,
            7,
            30,
            140,
            5
          ],
          [
            0,
            0,
            1,
            7,
            27
          ]
        ],
        "ece": 0.08832932417139866,
        "seed": 42,
        "fold": 3
      },
      {
        "qwk": 0.7313347313466688,
        "acc": 0.5886363636363636,
        "mae": 0.5295454545454545,
        "f1_per_class": [
          0.703483432455395,
          0.2524271844660194,
          0.541795665634675,
          0.6461538461538462,
          0.775
        ],
        "macro_f1": 0.5837720257419872,