{
  "config": {
    "data_root": "~/datasets/knee-kl/KneeXrayData/ClsKLData/kneeKL224",
    "img_size": 224,
    "center_crop_ratio": 0.8,
    "num_classes": 5,
    "n_folds": 5,
    "patient_aware_split": true,
    "backbone": "convnext_tiny",
    "attention": "triplet",
    "loss_type": "cdw_ce",
    "use_imbalance": true,
    "use_oversampling": true,
    "use_class_weight": false,
    "use_contrastive": false,
    "lr_backbone": 0.0001,
    "lr_head": 0.001,
    "cdw_power": 3.0,
    "contrastive_lambda": 0.5,
    "contrastive_temp": 0.1,
    "contrastive_beta": 1.0,
    "proj_dim": 128,
    "batch_size": 128,
    "epochs": 50,
    "early_stop_patience": 10,
    "seed": 42,
    "monitor_metric": "qwk",
    "num_workers": 8,
    "output_dir": "outputs"
  },
  "result": {
    "val": {
      "qwk": {
        "mean": 0.8164234464354383,
        "std": 0.005618793364855343
      },
      "acc": {
        "mean": 0.6150751845229909,
        "std": 0.01282305961888144
      },
      "mae": {
        "mean": 0.41899417778389036,
        "std": 0.008655346962222952
      },
      "macro_f1": {
        "mean": 0.6264245682199778,
        "std": 0.07273477681923693
      },
      "ece": {
        "mean": 0.18278048761446186,
        "std": 0.0261548936949944
      },
      "f1_per_class": {
        "mean": [
          0.7203167767227271,
          0.38353335691223495,
          0.5842339471467505,
          0.7647104110939862,
          0.6793283492241906
        ],
        "std": [
          0.025556487893599173,
          0.035849401031944284,
          0.011103872216230664,
          0.02865565134513866,
          0.34137419580999245
        ]
      },
      "confusion": [
        [
          356.2,
          153.6,
          12.8,
          0.2,
          0.0
        ],
        [
          82.2,
          124.6,
          31.0,
          2.0,
          0.0
        ],
        [
          26.0,
          122.6,
          174.4,
          22.6,
          0.0
        ],
        [
          0.0,
          3.8,
          33.2,
          129.4,
          6.2
        ],
        [
          0.0,
          0.0,
          0.0,
          12.2,
          27.8
        ]
      ]
    },
    "test": {
      "qwk": {
        "mean": 0.8399070625175172,
        "std": 0.0
      },
      "acc": {
        "mean": 0.6431159420289855,
        "std": 0.0
      },
      "mae": {
        "mean": 0.38164251207729466,
        "std": 0.0
      },
      "macro_f1": {
        "mean": 0.6857925647800716,
        "std": 0.0
      },
      "ece": {
        "mean": 0.09560873411631816,
        "std": 0.0
      },
      "f1_per_class": {
        "mean": [
          0.7530562347188264,
          0.3778337531486146,
          0.5984251968503937,
          0.8511627906976744,
          0.8484848484848485
        ],
        "std": [
          0.0,
          0.0,
          0.0,
          0.0,
          0.0
        ]
      },
      "confusion": [
        [
          462.0,
          167.0,
          10.0,
          0.0,
          0.0
        ],
        [
          99.0,
          150.0,
          47.0,
          0.0,
          0.0
        ],
        [
          27.0,
          177.0,
          228.0,
          15.0,
          0.0
        ],
        [
          0.0,
          4.0,
          30.0,
          183.0,
          6.0
        ],
        [
          0.0,
          0.0,
          0.0,
          9.0,
          42.0
        ]
      ]
    },
    "val_raw": [
      {
        "qwk": 0.8162459206676074,
        "acc": 0.6164901664145235,
        "mae": 0.4152798789712557,
        "f1_per_class": [
          0.7270955165692008,
          0.3847328244274809,
          0.5689655172413793,
          0.7677419354838709,
          0.8767123287671232
        ],
        "macro_f1": 0.665049624497811,
        "confusion": [
          [
            373,
            166,
            16,
            0,
            0
          ],
          [
            77,
            126,
            35,
            2,
            0
          ],
          [
            21,
            120,
            165,
            20,
            0
          ],
          [
            0,
            3,
            38,
            119,
            5
          ],
          [
            0,
            0,
            0,
            4,
            32
          ]
        ],
        "ece": 0.20226484302673686,
        "seed": 42,
        "fold": 0
      },
      {
        "qwk": 0.822257232582732,
        "acc": 0.6354009077155824,
        "mae": 0.4039334341906203,
        "f1_per_class": [
          0.7391304347826086,
          0.4199395770392749,
          0.5764499121265377,
          0.7908496732026143,
          0.8842105263157894
        ],
        "macro_f1": 0.6821160246933651,
        "confusion": [
          [
            374,
            124,
            11,
            0,
            0
          ],
          [
            97,
            139,
            30,
            3,
            0
          ],
          [
            32,
            124,
            164,
            10,
            0
          ],
          [
            0,
            6,
            34,
            121,
            5
          ],
          [
            0,
            0,
            0,
            6,
            42
          ]
        ],
        "ece": 0.17239825558283692,
        "seed": 42,
        "fold": 1
      },
      {
        "qwk": 0.823098961472662,
        "acc": 0.6037878787878788,
        "mae": 0.421969696969697,
        "f1_per_class": [
          0.6704416761041903,
          0.4126547455295736,
          0.5993150684931506,
          0.7897727272727273,
          0.7872340425531915
        ],
        "macro_f1": 0.6518836519905666,
        "confusion": [
          [
            296,
            207,
            14,
            1,
            0
          ],
          [
            56,
            150,
            27,
            2,
            0
          ],
          [
            13,
            132,
            175,
            29,
            0
          ],
          [
            0,
            3,
            19,
            139,
            18
          ],
          [
            0,
            0,
            0,
            2,
            37
          ]
        ],
        "ece": 0.14175048147638636,
        "seed": 42,
        "fold": 2
      },
      {
        "qwk": 0.8089944722894125,
        "acc": 0.6204545454545455,
        "mae": 0.4265151515151515,
        "f1_per_class": [
          0.7389162561576355,
          0.31835205992509363,
          0.5825825825825826,
          0.7632311977715878,
          0.8484848484848485
        ],
        "macro_f1": 0.6503133889843495,
        "confusion": [
          [
            375,
            114,
            14,
            0,
            0
          ],
          [
            94,
            85,
            34,
            1,
            0
          ],
          [
            43,
            117,
            194,
            30,
            0
          ],
          [
            0,
            4,
            40,
            137,
            3
          ],
          [
            0,
            0,
            0,
            7,
            28
          ]
        ],
        "ece": 0.21797728136633382,
        "seed": 42,
        "fold": 3
      },
      {
        "qwk": 0.8115206451647776,
        "acc": 0.5992424242424242,
        "mae": 0.42727272727272725,
        "f1_per_class": [
          0.726,
          0.38198757763975155,
          0.5938566552901023,
          0.7119565217391305,
          0.0
        ],
        "macro_f1": 0.48276015093379687,