{
  "config": {
    "data_root": "~/datasets/knee-kl/KneeXrayData/ClsKLData/kneeKL224",
    "img_size": 224,
    "center_crop_ratio": 0.8,
    "num_classes": 5,
    "n_folds": 5,
    "patient_aware_split": true,
    "backbone": "efficientnet_b0",
    "attention": "triplet",
    "loss_type": "cdw_ce",
    "use_imbalance": true,
    "use_contrastive": true,
    "lr_backbone": 0.0001,
    "lr_head": 0.001,
    "cdw_power": 3.0,
    "contrastive_lambda": 0.5,
    "contrastive_temp": 0.1,
    "contrastive_beta": 1.0,
    "proj_dim": 128,
    "batch_size": 128,
    "epochs": 50,
    "early_stop_patience": 10,
    "seed": 42,
    "monitor_metric": "qwk",
    "num_workers": 8,
    "output_dir": "outputs"
  },
  "result": {
    "val": {
      "qwk": {
        "mean": 0.7535751016812787,
        "std": 0.0074450804028791
      },
      "acc": {
        "mean": 0.5040803649200019,
        "std": 0.015237361514138527
      },
      "mae": {
        "mean": 0.526655664053546,
        "std": 0.011258149386629456
      },
      "macro_f1": {
        "mean": 0.599579419012184,
        "std": 0.014983251613992521
      },
      "ece": {
        "mean": 0.2487871811459179,
        "std": 0.011316463966115664
      },
      "f1_per_class": {
        "mean": [
          0.4581218412987106,
          0.3846392085790239,
          0.5475700671419911,
          0.7593055236292022,
          0.8482604544119923
        ],
        "std": [
          0.05001842596374885,
          0.027584596497386822,
          0.01194610483584124,
          0.023764075106860398,
          0.034961842334476835
        ]
      },
      "confusion": [
        [
          167.2,
          334.4,
          20.4,
          0.8,
          0.0
        ],
        [
          28.4,
          175.4,
          32.6,
          3.4,
          0.0
        ],
        [
          7.0,
          151.8,
          162.2,
          24.6,
          0.0
        ],
        [
          0.0,
          8.2,
          31.4,
          127.0,
          6.0
        ],
        [
          0.0,
          0.0,
          0.0,
          6.0,
          34.0
        ]
      ]
    },
    "test": {
      "qwk": {
        "mean": 0.7740608532023704,
        "std": 0.0
      },
      "acc": {
        "mean": 0.5072463768115942,
        "std": 0.0
      },
      "mae": {
        "mean": 0.5084541062801933,
        "std": 0.0
      },
      "macro_f1": {
        "mean": 0.600638097360761,
        "std": 0.0
      },
      "ece": {
        "mean": 0.2089540200208984,
        "std": 0.0
      },
      "f1_per_class": {
        "mean": [
          0.47380410022779046,
          0.3784722222222222,
          0.5403973509933775,
          0.7914691943127962,
          0.819047619047619
        ],
        "std": [
          0.0,
          0.0,
          0.0,
          0.0,
          0.0
        ]
      },
      "confusion": [
        [
          208.0,
          419.0,
          12.0,
          0.0,
          0.0
        ],
        [
          24.0,
          218.0,
          52.0,
          2.0,
          0.0
        ],
        [
          7.0,
          214.0,
          204.0,
          22.0,
          0.0
        ],
        [
          0.0,
          5.0,
          40.0,
          167.0,
          11.0
        ],
        [
          0.0,
          0.0,
          0.0,
          8.0,
          43.0
        ]
      ]
    },
    "val_raw": [
      {
        "qwk": 0.7490351731387235,
        "acc": 0.5158850226928896,
        "mae": 0.5226928895612708,
        "f1_per_class": [
          0.5125628140703518,
          0.38850574712643676,
          0.5617597292724196,
          0.7220447284345048,
          0.8108108108108109
        ],
        "macro_f1": 0.5991367659429048,
        "confusion": [
          [
            204,
            323,
            27,
            1,
            0
          ],
          [
            29,
            169,
            38,
            4,
            0
          ],
          [
            8,
            128,
            166,
            24,
            0
          ],
          [
            0,
            10,
            34,
            113,
            8
          ],
          [
            0,
            0,
            0,
            6,
            30
          ]
        ],
        "ece": 0.24196405142951483,
        "seed": 42,
        "fold": 0
      },
      {
        "qwk": 0.7609119157105649,
        "acc": 0.518910741301059,
        "mae": 0.5136157337367625,
        "f1_per_class": [
          0.44755244755244755,
          0.42916666666666664,
          0.5541284403669725,
          0.7794561933534743,
          0.8602150537634409
        ],
        "macro_f1": 0.6141037603406004,
        "confusion": [
          [
            160,
            332,
            16,
            1,
            0
          ],
          [
            34,
            206,
            24,
            5,
            0
          ],
          [
            12,
            145,
            151,
            22,
            0
          ],
          [
            0,
            8,
            24,
            129,
            5
          ],
          [
            0,
            0,
            0,
            8,
            40
          ]
        ],
        "ece": 0.23267015287266554,
        "seed": 42,
        "fold": 1
      },
      {
        "qwk": 0.7463389892484533,
        "acc": 0.4772727272727273,
        "mae": 0.5454545454545454,
        "f1_per_class": [
          0.36722306525037934,
          0.38271604938271603,
          0.5374149659863946,
          0.7764705882352941,
          0.8148148148148148
        ],
        "macro_f1": 0.5757278967339198,
        "confusion": [
          [
            121,
            379,
            17,
            1,
            0
          ],
          [
            16,
            186,
            30,
            3,
            0
          ],
          [
            4,
            168,
            158,
            19,
            0
          ],
          [
            0,
            4,
            34,
            132,
            9
          ],
          [
            0,
            0,
            0,
            6,
            33
          ]
        ],
        "ece": 0.2660255833557158,
        "seed": 42,
        "fold": 2
      },
      {
        "qwk": 0.7474134375466196,
        "acc": 0.49772727272727274,
        "mae": 0.5325757575757576,
        "f1_per_class": [
          0.47592067988668557,
          0.34238488783943327,
          0.5547226386806596,
          0.7401129943502824,
          0.8484848484848485
        ],
        "macro_f1": 0.5923252098483819,
        "confusion": [
          [
            168,
            314,
            20,
            1,
            0
          ],
          [
            29,
            145,
            39,
            1,
            0
          ],
          [
            6,
            163,
            185,
            30,
            0
          ],
          [
            0,
            11,
            39,
            131,
            3
          ],
          [
            0,
            0,
            0,
            7,
            28
          ]
        ],
        "ece": 0.25484590595870305,
        "seed": 42,
        "fold": 3
      },
      {
        "qwk": 0.7641759927620322,
        "acc": 0.5106060606060606,
        "mae": 0.5189393939393939,
        "f1_per_class": [
          0.4873501997336884,
          0.3804226918798665,
          0.5298245614035088,
          0.7784431137724551,
          0.9069767441860465
        ],
        "macro_f1": 0.6166034621951131,