{
  "config": {
    "data_root": "~/datasets/knee-kl/KneeXrayData/ClsKLData/kneeKL224",
    "img_size": 224,
    "center_crop_ratio": 0.8,
    "num_classes": 5,
    "n_folds": 5,
    "patient_aware_split": true,
    "backbone": "convnext_tiny",
    "attention": "none",
    "loss_type": "cdw_ce",
    "use_imbalance": false,
    "use_contrastive": false,
    "lr_backbone": 0.0001,
    "lr_head": 0.001,
    "cdw_power": 3.0,
    "contrastive_lambda": 0.5,
    "contrastive_temp": 0.1,
    "contrastive_beta": 1.0,
    "proj_dim": 128,
    "batch_size": 128,
    "epochs": 50,
    "early_stop_patience": 10,
    "seed": 42,
    "monitor_metric": "qwk",
    "num_workers": 8,
    "output_dir": "outputs"
  },
  "result": {
    "val": {
      "qwk": {
        "mean": 0.8226390437853978,
        "std": 0.005780634817183883
      },
      "acc": {
        "mean": 0.6336993994407005,
        "std": 0.010649247158793194
      },
      "mae": {
        "mean": 0.4050648695731903,
        "std": 0.011869696952195101
      },
      "macro_f1": {
        "mean": 0.6694783436606091,
        "std": 0.01760269267980989
      },
      "ece": {
        "mean": 0.15291167110780576,
        "std": 0.0060439222034541435
      },
      "f1_per_class": {
        "mean": [
          0.7422995361820459,
          0.38145540601167305,
          0.5854608918038023,
          0.7850904213224479,
          0.853085462983076
        ],
        "std": [
          0.017172723382029468,
          0.01700075843844119,
          0.015318545242788627,
          0.037520891643998376,
          0.04774063338251565
        ]
      },
      "confusion": [
        [
          378.6,
          128.6,
          15.4,
          0.2,
          0.0
        ],
        [
          89.6,
          115.6,
          32.6,
          2.0,
          0.0
        ],
        [
          27.8,
          115.8,
          174.4,
          27.6,
          0.0
        ],
        [
          0.2,
          5.2,
          27.4,
          135.2,
          4.6
        ],
        [
          0.0,
          0.0,
          0.0,
          6.8,
          33.2
        ]
      ]
    },
    "test": {
      "qwk": {
        "mean": 0.8462477756577679,
        "std": 0.0
      },
      "acc": {
        "mean": 0.6648550724637681,
        "std": 0.0
      },
      "mae": {
        "mean": 0.36533816425120774,
        "std": 0.0
      },
      "macro_f1": {
        "mean": 0.6922660985050662,
        "std": 0.0
      },
      "ece": {
        "mean": 0.07901073211201146,
        "std": 0.0
      },
      "f1_per_class": {
        "mean": [
          0.7741935483870968,
          0.39783491204330174,
          0.614569536423841,
          0.8430493273542601,
          0.8316831683168316
        ],
        "std": [
          0.0,
          0.0,
          0.0,
          0.0,
          0.0
        ]
      },
      "confusion": [
        [
          492.0,
          136.0,
          11.0,
          0.0,
          0.0
        ],
        [
          106.0,
          147.0,
          41.0,
          2.0,
          0.0
        ],
        [
          34.0,
          157.0,
          232.0,
          24.0,
          0.0
        ],
        [
          0.0,
          3.0,
          24.0,
          188.0,
          8.0
        ],
        [
          0.0,
          0.0,
          0.0,
          9.0,
          42.0
        ]
      ]
    },
    "val_raw": [
      {
        "qwk": 0.8253199386135812,
        "acc": 0.6422087745839636,
        "mae": 0.39107413010590014,
        "f1_per_class": [
          0.739593417231365,
          0.4086687306501548,
          0.5971731448763251,
          0.8157099697885196,
          0.9117647058823529
        ],
        "macro_f1": 0.6945819936857435,
        "confusion": [
          [
            382,
            156,
            16,
            1,
            0
          ],
          [
            76,
            132,
            31,
            1,
            0
          ],
          [
            20,
            113,
            169,
            24,
            0
          ],
          [
            0,
            5,
            24,
            135,
            1
          ],
          [
            0,
            0,
            0,
            5,
            31
          ]
        ],
        "ece": 0.14765117670241715,
        "seed": 42,
        "fold": 0
      },
      {
        "qwk": 0.8315177066909024,
        "acc": 0.6497730711043873,
        "mae": 0.394856278366112,
        "f1_per_class": [
          0.7653429602888087,
          0.35934664246823955,
          0.5770609318996416,
          0.7987987987987988,
          0.8936170212765957
        ],
        "macro_f1": 0.6788332709464168,
        "confusion": [
          [
            424,
            76,
            9,
            0,
            0
          ],
          [
            133,
            99,
            34,
            3,
            0
          ],
          [
            42,
            102,
            161,
            25,
            0
          ],
          [
            0,
            5,
            24,
            133,
            4
          ],
          [
            0,
            0,
            0,
            6,
            42
          ]
        ],
        "ece": 0.15913626533593422,
        "seed": 42,
        "fold": 1
      },
      {
        "qwk": 0.8182165056628485,
        "acc": 0.6227272727272727,
        "mae": 0.4128787878787879,
        "f1_per_class": [
          0.7124735729386892,
          0.3688394276629571,
          0.6028708133971292,
          0.8260869565217391,
          0.8
        ],
        "macro_f1": 0.662054154104103,
        "confusion": [
          [
            337,
            160,
            21,
            0,
            0
          ],
          [
            70,
            116,
            47,
            2,
            0
          ],
          [
            20,
            116,
            189,
            24,
            0
          ],
          [
            1,
            2,
            21,
            152,
            3
          ],
          [
            0,
            0,
            0,
            11,
            28
          ]
        ],
        "ece": 0.15558809145833508,
        "seed": 42,
        "fold": 2
      },
      {
        "qwk": 0.8233151467106047,
        "acc": 0.6303030303030303,
        "mae": 0.403030303030303,
        "f1_per_class": [
          0.7479338842975206,
          0.3889789303079417,
          0.5900621118012422,
          0.7596439169139466,
          0.8648648648648649
        ],
        "macro_f1": 0.6702967416371032,
        "confusion": [
          [
            362,
            130,
            11,
            0,
            0
          ],
          [
            77,
            120,
            17,
            0,
            0
          ],
          [
            26,
            146,
            190,
            22,
            0
          ],
          [
            0,
            7,
            42,
            128,
            7
          ],
          [
            0,
            0,
            0,
            3,
            32
          ]
        ],
        "ece": 0.1439347119268143,
        "seed": 42,
        "fold": 3
      },
      {
        "qwk": 0.8148259212490521,
        "acc": 0.6234848484848485,
        "mae": 0.42348484848484846,
        "f1_per_class": [
          0.7461538461538462,
          0.38144329896907214,
          0.5601374570446735,
          0.7252124645892352,
          0.7951807228915663
        ],
        "macro_f1": 0.6416255579296787,