{
  "config": {
    "data_root": "~/datasets/knee-kl/KneeXrayData/ClsKLData/kneeKL224",
    "img_size": 224,
    "center_crop_ratio": 0.8,
    "num_classes": 5,
    "n_folds": 5,
    "patient_aware_split": true,
    "backbone": "convnext_tiny",
    "attention": "triplet",
    "loss_type": "cdw_ce",
    "use_imbalance": true,
    "use_oversampling": false,
    "use_class_weight": true,
    "use_contrastive": true,
    "lr_backbone": 0.0001,
    "lr_head": 0.001,
    "cdw_power": 3.0,
    "contrastive_lambda": 0.5,
    "contrastive_temp": 0.1,
    "contrastive_beta": 0.5,
    "proj_dim": 128,
    "batch_size": 128,
    "epochs": 50,
    "early_stop_patience": 10,
    "seed": 42,
    "monitor_metric": "qwk",
    "num_workers": 8,
    "output_dir": "outputs",
    "save_checkpoints": false
  },
  "result": {
    "val": {
      "qwk": {
        "mean": 0.8150995210336834,
        "std": 0.006316380559804591
      },
      "acc": {
        "mean": 0.6209858799798286,
        "std": 0.011367460767259094
      },
      "mae": {
        "mean": 0.42141154357493243,
        "std": 0.009240198444452986
      },
      "macro_f1": {
        "mean": 0.6573200547900633,
        "std": 0.008106731164417357
      },
      "ece": {
        "mean": 0.17139542263832747,
        "std": 0.028189148995955555
      },
      "f1_per_class": {
        "mean": [
          0.7363612972291813,
          0.3744561494560678,
          0.548304501037745,
          0.7815651779213209,
          0.8459131483060011
        ],
        "std": [
          0.01708781681056591,
          0.01750439054251257,
          0.02641799923765429,
          0.03775719607375606,
          0.025186041574000086
        ]
      },
      "confusion": [
        [
          379.8,
          129.8,
          12.8,
          0.4,
          0.0
        ],
        [
          93.6,
          116.0,
          28.2,
          2.0,
          0.0
        ],
        [
          34.4,
          128.0,
          156.2,
          27.0,
          0.0
        ],
        [
          0.0,
          6.0,
          25.8,
          133.4,
          7.4
        ],
        [
          0.0,
          0.0,
          0.0,
          5.2,
          34.8
        ]
      ]
    },
    "test": {
      "qwk": {
        "mean": 0.8462040283780479,
        "std": 0.0
      },
      "acc": {
        "mean": 0.6443236714975845,
        "std": 0.0
      },
      "mae": {
        "mean": 0.3774154589371981,
        "std": 0.0
      },
      "macro_f1": {
        "mean": 0.6770203415550436,
        "std": 0.0
      },
      "ece": {
        "mean": 0.0938788998854045,
        "std": 0.0
      },
      "f1_per_class": {
        "mean": [
          0.7737341772151899,
          0.36970474967907574,
          0.5788043478260869,
          0.827906976744186,
          0.8349514563106796
        ],
        "std": [
          0.0,
          0.0,
          0.0,
          0.0,
          0.0
        ]
      },
      "confusion": [
        [
          489.0,
          145.0,
          5.0,
          0.0,
          0.0
        ],
        [
          111.0,
          144.0,
          39.0,
          2.0,
          0.0
        ],
        [
          25.0,
          190.0,
          213.0,
          19.0,
          0.0
        ],
        [
          0.0,
          4.0,
          32.0,
          178.0,
          9.0
        ],
        [
          0.0,
          0.0,
          0.0,
          8.0,
          43.0
        ]
      ]
    },
    "val_raw": [
      {
        "qwk": 0.8131943104360546,
        "acc": 0.6369137670196672,
        "mae": 0.41376701966717094,
        "f1_per_class": [
          0.7553191489361702,
          0.39864864864864863,
          0.5368620037807184,
          0.7766990291262136,
          0.8372093023255814
        ],
        "macro_f1": 0.6609476265634664,
        "confusion": [
          [
            426,
            118,
            11,
            0,
            0
          ],
          [
            97,
            118,
            23,
            2,
            0
          ],
          [
            50,
            112,
            142,
            22,
            0
          ],
          [
            0,
            4,
            27,
            120,
            14
          ],
          [
            0,
            0,
            0,
            0,
            36
          ]
        ],
        "ece": 0.20333165259476688,
        "seed": 42,
        "fold": 0
      },
      {
        "qwk": 0.8202733258031363,
        "acc": 0.6096822995461422,
        "mae": 0.4281391830559758,
        "f1_per_class": [
          0.704312114989733,
          0.37962962962962965,
          0.5808695652173913,
          0.75,
          0.8543689320388349
        ],
        "macro_f1": 0.6538360483751178,
        "confusion": [
          [
            343,
            150,
            15,
            1,
            0
          ],
          [
            99,
            123,
            42,
            5,
            0
          ],
          [
            23,
            101,
            167,
            39,
            0
          ],
          [
            0,
            5,
            21,
            129,
            11
          ],
          [
            0,
            0,
            0,
            4,
            44
          ]
        ],
        "ece": 0.1559420255958222,
        "seed": 42,
        "fold": 1
      },
      {
        "qwk": 0.8200424850748522,
        "acc": 0.6227272727272727,
        "mae": 0.41515151515151516,
        "f1_per_class": [
          0.7431372549019608,
          0.3802163833075734,
          0.5037878787878788,
          0.8471849865951743,
          0.8055555555555556
        ],
        "macro_f1": 0.6559764118296286,
        "confusion": [
          [
            379,
            127,
            11,
            1,
            0
          ],
          [
            90,
            123,
            21,
            1,
            0
          ],
          [
            33,
            159,
            133,
            24,
            0
          ],
          [
            0,
            3,
            14,
            158,
            4
          ],
          [
            0,
            0,
            0,
            10,
            29
          ]
        ],
        "ece": 0.13994919510953358,
        "seed": 42,
        "fold": 2
      },
      {
        "qwk": 0.8035460075061472,
        "acc": 0.6068181818181818,
        "mae": 0.43636363636363634,
        "f1_per_class": [
          0.7375745526838966,
          0.34527687296416937,
          0.5553772070626003,
          0.7407407407407407,
          0.8493150684931506
        ],
        "macro_f1": 0.6456568883889116,
        "confusion": [
          [
            371,
            125,
            7,
            0,
            0
          ],
          [
            94,
            106,
            14,
            0,
            0
          ],
          [
            38,
            157,
            173,
            16,
            0
          ],
          [
            0,
            12,
            45,
            120,
            7
          ],
          [
            0,
            0,
            0,
            4,
            31
          ]
        ],
        "ece": 0.15047295188361948,
        "seed": 42,
        "fold": 3
      },
      {
        "qwk": 0.8184414763482272,
        "acc": 0.6287878787878788,
        "mae": 0.41363636363636364,
        "f1_per_class": [
          0.7414634146341463,
          0.3685092127303183,
          0.564625850340136,
          0.7932011331444759,
          0.8831168831168831
        ],
        "macro_f1": 0.6701832987931919,